cuein;cueout;resource;visitor;note
20-01-20 09:00;20-01-20 09:30;LEVP;16320;
20-01-20 09:30;20-01-20 10:15;LEVP;14544;
20-01-20 10:15;20-01-20 10:45;LEVP;13604;
20-01-20 10:45;20-01-20 11:15;LEVP;12679;
20-01-20 11:15;20-01-20 11:45;LEVP;3746;
20-01-20 11:45;20-01-20 12:15;LEVP;0;ABSCENCE
20-01-20 13:00;20-01-20 13:15;LEVP;0;ABSCENCE
20-01-20 13:15;20-01-20 13:45;LEVP;2290;
20-01-20 13:45;20-01-20 14:15;LEVP;10356;
20-01-20 14:00;20-01-20 15:00;DJP;13531;
20-01-20 14:15;20-01-20 15:00;LEVP;12295;
20-01-20 15:00;20-01-20 15:30;DJP;15794;
20-01-20 15:00;20-01-20 15:45;LEVP;13801;
20-01-20 15:30;20-01-20 16:00;DJP;10553;
20-01-20 16:00;20-01-20 16:30;DJP;16297;
20-01-20 16:15;20-01-20 17:00;LEVP;12144;
20-01-20 16:30;20-01-20 17:00;DJP;15244;
20-01-20 17:00;20-01-20 17:30;LEVP;16142;
20-01-20 17:15;20-01-20 17:45;DJP;14736;
20-01-20 17:30;20-01-20 18:00;DJP;15830;
20-01-20 17:30;20-01-20 18:00;LEVP;0;ABSCENCE
21-01-20 08:30;21-01-20 09:15;DANA;7962;
21-01-20 09:00;21-01-20 09:45;PAA;7036;
21-01-20 09:15;21-01-20 09:45;COL;10719;
21-01-20 09:15;21-01-20 10:00;DANA;13873;
21-01-20 09:45;21-01-20 10:00;PAA;16089;
21-01-20 09:45;21-01-20 10:30;COL;15176;
21-01-20 10:00;21-01-20 11:00;PAA;16090;
21-01-20 10:00;21-01-20 10:45;DANA;11126;
21-01-20 10:30;21-01-20 11:15;COL;16182;
21-01-20 10:45;21-01-20 11:15;DANA;9136;
21-01-20 11:00;21-01-20 11:30;PAA;15228;
21-01-20 11:15;21-01-20 12:00;COL;14681;
21-01-20 11:15;21-01-20 12:00;DANA;14399;
21-01-20 11:30;21-01-20 12:00;PAA;13792;
21-01-20 12:00;21-01-20 12:30;COL;16198;
21-01-20 12:30;21-01-20 13:15;COL;16199;
21-01-20 12:30;21-01-20 13:00;PAA;12628;
21-01-20 13:00;21-01-20 13:15;DANA;13793;
21-01-20 13:00;21-01-20 14:00;COL;0;ABSCENCE
21-01-20 13:15;21-01-20 14:00;DANA;13068;
21-01-20 14:00;21-01-20 15:00;DANA;15714;
21-01-20 14:00;21-01-20 14:45;COL;15791;
21-01-20 14:45;21-01-20 15:30;COL;16042;
21-01-20 15:00;21-01-20 15:30;DANA;4278;
21-01-20 15:30;21-01-20 16:30;DANA;15912;
21-01-20 15:30;21-01-20 16:00;COL;13008;
21-01-20 16:00;21-01-20 16:15;COL;15641;
21-01-20 16:15;21-01-20 16:30;COL;13934;
21-01-20 16:30;21-01-20 17:00;DANA;16319;
21-01-20 16:30;21-01-20 16:45;COL;11012;
21-01-20 16:45;21-01-20 17:00;COL;2505;
21-01-20 17:00;21-01-20 17:45;DANA;12824;
21-01-20 17:00;21-01-20 17:30;COL;11014;
22-01-20 09:00;22-01-20 09:30;LEVP;14008;
22-01-20 09:00;22-01-20 09:15;PAA;15104;
22-01-20 09:15;22-01-20 09:30;PAA;14446;
22-01-20 09:30;22-01-20 10:30;PAA;14337;
22-01-20 09:30;22-01-20 10:30;LEVP;5400;
22-01-20 10:30;22-01-20 12:00;LEVP;14174;
22-01-20 10:30;22-01-20 11:00;PAA;10275;
22-01-20 11:30;22-01-20 11:45;PAA;15118;
22-01-20 11:45;22-01-20 12:00;PAA;9959;
22-01-20 12:00;22-01-20 12:15;PAA;15199;
22-01-20 12:15;22-01-20 12:30;PAA;10704;
22-01-20 13:00;22-01-20 13:15;LEVP;11355;
22-01-20 13:15;22-01-20 13:30;LEVP;15389;
22-01-20 13:30;22-01-20 14:00;PAA;14252;
22-01-20 13:30;22-01-20 14:00;LEVP;9277;
22-01-20 14:00;22-01-20 14:30;PAA;13951;
22-01-20 14:00;22-01-20 14:30;LEVP;11018;
22-01-20 14:30;22-01-20 15:00;PAA;15220;
22-01-20 14:30;22-01-20 14:45;LEVP;11969;
22-01-20 14:45;22-01-20 15:00;LEVP;16058;
22-01-20 15:00;22-01-20 15:30;PAA;14901;
22-01-20 15:00;22-01-20 15:15;LEVP;0;ABSCENCE
22-01-20 15:15;22-01-20 15:30;LEVP;12768;
22-01-20 15:30;22-01-20 16:00;PAA;14547;
22-01-20 15:30;22-01-20 15:45;LEVP;14123;
22-01-20 15:45;22-01-20 16:00;LEVP;12235;
22-01-20 16:00;22-01-20 16:30;PAA;14842;
22-01-20 16:00;22-01-20 16:15;LEVP;10949;
22-01-20 16:15;22-01-20 16:22;LEVP;14397;
22-01-20 16:30;22-01-20 17:00;PAA;6667;
22-01-20 16:30;22-01-20 16:37;LEVP;0;ABSCENCE
22-01-20 16:45;22-01-20 17:00;PAA;10949;
22-01-20 16:45;22-01-20 16:52;LEVP;16202;
22-01-20 17:00;22-01-20 17:15;LEVP;15181;
22-01-20 17:00;22-01-20 17:30;PAA;14903;
22-01-20 17:15;22-01-20 17:30;LEVP;15180;
22-01-20 17:30;22-01-20 18:00;LEVP;0;ABSCENCE
23-01-20 08:45;23-01-20 09:30;DJP;6095;
23-01-20 09:00;23-01-20 10:00;LEVP;16037;
23-01-20 09:30;23-01-20 10:00;DJP;14191;
23-01-20 10:00;23-01-20 10:45;DJP;11718;
23-01-20 10:00;23-01-20 10:30;LEVP;5170;
23-01-20 10:30;23-01-20 11:00;LEVP;16222;
23-01-20 10:45;23-01-20 11:15;DJP;15683;
23-01-20 11:00;23-01-20 12:00;LEVP;10355;
23-01-20 11:15;23-01-20 12:00;DJP;16023;
23-01-20 12:00;23-01-20 14:00;DJP;0;stop
23-01-20 13:00;23-01-20 13:30;LEVP;16231;
23-01-20 13:30;23-01-20 14:00;LEVP;16232;
23-01-20 13:30;23-01-20 14:30;DJP;427;
23-01-20 14:00;23-01-20 14:30;LEVP;14359;
23-01-20 14:30;23-01-20 15:00;DJP;13294;
23-01-20 14:30;23-01-20 15:00;LEVP;14144;
23-01-20 15:00;23-01-20 16:30;DJP;13412;
23-01-20 15:00;23-01-20 15:30;LEVP;15125;
23-01-20 15:30;23-01-20 17:30;LEVP;5557;
23-01-20 16:30;23-01-20 17:00;DJP;15278;
23-01-20 16:45;23-01-20 17:00;COL;0;ABSCENCE
23-01-20 17:00;23-01-20 17:30;DJP;16144;
24-01-20 09:00;24-01-20 09:30;DJP;13220;
24-01-20 09:00;24-01-20 10:00;DANA;0;ABSCENCE
24-01-20 09:00;24-01-20 22:00;LEVP;0;ABSCENCE
24-01-20 09:15;24-01-20 10:00;COL;14016;
24-01-20 09:30;24-01-20 10:00;DJP;16189;
24-01-20 10:00;24-01-20 11:00;DJP;16190;
24-01-20 10:00;24-01-20 10:45;DANA;578;
24-01-20 10:00;24-01-20 10:30;COL;13767;
24-01-20 10:30;24-01-20 11:00;COL;11471;
24-01-20 10:45;24-01-20 11:30;DANA;2609;
24-01-20 11:00;24-01-20 11:45;COL;14681;
24-01-20 11:15;24-01-20 12:00;DJP;13531;
24-01-20 11:30;24-01-20 12:15;DANA;6620;
24-01-20 11:45;24-01-20 12:15;COL;11724;
24-01-20 12:15;24-01-20 12:45;COL;15819;
24-01-20 12:45;24-01-20 13:15;COL;14775;
24-01-20 13:00;24-01-20 13:30;DANA;7572;
24-01-20 13:30;24-01-20 14:30;DANA;15851;
24-01-20 13:45;24-01-20 14:15;COL;13615;
24-01-20 14:15;24-01-20 15:15;COL;11859;
24-01-20 14:30;24-01-20 15:15;DANA;7672;
24-01-20 15:15;24-01-20 16:00;DANA;8320;
24-01-20 15:15;24-01-20 16:00;COL;15992;
24-01-20 16:00;24-01-20 16:45;DANA;4077;
24-01-20 16:00;24-01-20 16:45;COL;16158;
24-01-20 16:45;24-01-20 17:30;DANA;15191;
24-01-20 16:45;24-01-20 17:15;COL;15986;
24-01-20 16:45;24-01-20 17:30;COL;15775;
27-01-20 09:00;27-01-20 09:30;LEVP;11812;
27-01-20 09:30;27-01-20 10:30;LEVP;15549;
27-01-20 10:30;27-01-20 11:00;LEVP;16218;
27-01-20 11:00;27-01-20 11:30;LEVP;8290;
27-01-20 11:30;27-01-20 12:00;LEVP;12378;
27-01-20 12:00;27-01-20 12:15;LEVP;0;ABSCENCE
27-01-20 13:00;27-01-20 14:30;LEVP;16142;
27-01-20 14:00;27-01-20 14:30;DJP;14736;
27-01-20 14:30;27-01-20 15:00;DJP;16068;
27-01-20 14:30;27-01-20 15:15;LEVP;13801;
27-01-20 15:00;27-01-20 15:30;DJP;16298;
27-01-20 15:15;27-01-20 15:45;LEVP;5287;
27-01-20 15:30;27-01-20 16:00;DJP;16138;
27-01-20 15:45;27-01-20 16:30;LEVP;16146;
27-01-20 16:00;27-01-20 16:30;DJP;4493;
27-01-20 16:30;27-01-20 16:45;DJP;11252;
27-01-20 16:30;27-01-20 17:15;LEVP;5324;
27-01-20 16:45;27-01-20 17:00;DJP;12064;
27-01-20 17:00;27-01-20 18:00;DJP;15830;
27-01-20 17:15;27-01-20 17:45;LEVP;9649;
27-01-20 17:45;27-01-20 18:00;LEVP;0;ABSCENCE
28-01-20 08:30;28-01-20 09:15;DANA;5888;
28-01-20 09:00;28-01-20 09:15;PAA;14459;
28-01-20 09:15;28-01-20 10:00;DANA;13705;
28-01-20 09:15;28-01-20 10:00;COL;12164;
28-01-20 09:15;28-01-20 09:45;PAA;16214;
28-01-20 09:45;28-01-20 10:00;PAA;16213;
28-01-20 10:00;28-01-20 10:45;DANA;15732;
28-01-20 10:00;28-01-20 10:15;PAA;10339;
28-01-20 10:00;28-01-20 10:45;COL;14961;
28-01-20 10:15;28-01-20 11:00;PAA;15204;
28-01-20 10:45;28-01-20 11:00;COL;10438;
28-01-20 10:45;28-01-20 11:15;DANA;6633;
28-01-20 11:00;28-01-20 11:30;PAA;6541;
28-01-20 11:00;28-01-20 11:15;COL;10439;
28-01-20 11:15;28-01-20 12:00;DANA;6768;
28-01-20 11:15;28-01-20 11:30;COL;11312;
28-01-20 11:30;28-01-20 12:30;COL;14696;
28-01-20 11:30;28-01-20 12:15;PAA;13990;
28-01-20 11:45;28-01-20 12:30;DANA;13931;
28-01-20 12:15;28-01-20 12:30;PAA;16226;
28-01-20 12:30;28-01-20 13:00;COL;4438;
28-01-20 12:30;28-01-20 13:00;PAA;16078;
28-01-20 13:00;28-01-20 13:45;COL;0;ABSCENCE
28-01-20 13:00;28-01-20 13:15;LEVP;0;ABSCENCE
28-01-20 13:15;28-01-20 14:15;DANA;16105;
28-01-20 13:15;28-01-20 14:00;LEVP;5170;
28-01-20 13:45;28-01-20 14:45;COL;16193;
28-01-20 14:00;28-01-20 14:45;LEVP;16253;
28-01-20 14:15;28-01-20 15:00;DANA;15714;
28-01-20 14:45;28-01-20 15:15;COL;16042;
28-01-20 14:45;28-01-20 15:00;LEVP;16239;
28-01-20 15:00;28-01-20 15:30;LEVP;12192;
28-01-20 15:00;28-01-20 15:30;DANA;4149;
28-01-20 15:15;28-01-20 15:45;COL;11229;
28-01-20 15:30;28-01-20 15:45;LEVP;9650;
28-01-20 15:30;28-01-20 16:15;DANA;15194;
28-01-20 15:45;28-01-20 16:00;COL;11047;
28-01-20 15:45;28-01-20 16:15;LEVP;13425;
28-01-20 16:00;28-01-20 16:30;COL;8028;
28-01-20 16:15;28-01-20 17:00;DANA;16219;
28-01-20 16:15;28-01-20 16:45;LEVP;10696;
28-01-20 16:30;28-01-20 16:45;COL;14864;
28-01-20 16:45;28-01-20 17:45;LEVP;4689;
28-01-20 16:45;28-01-20 17:00;COL;15097;
28-01-20 17:00;28-01-20 18:15;DANA;13780;
28-01-20 17:00;28-01-20 17:15;COL;14769;
28-01-20 17:15;28-01-20 17:30;COL;14595;
28-01-20 17:45;28-01-20 18:00;LEVP;0;ABSCENCE
29-01-20 09:00;29-01-20 09:30;LEVP;5699;
29-01-20 09:00;29-01-20 09:30;PAA;13557;
29-01-20 09:30;29-01-20 10:00;LEVP;12387;
29-01-20 09:30;29-01-20 10:00;PAA;14365;
29-01-20 10:00;29-01-20 11:00;PAA;16084;
29-01-20 10:00;29-01-20 10:30;LEVP;16145;
29-01-20 10:30;29-01-20 12:30;LEVP;11787;
29-01-20 11:00;29-01-20 11:30;PAA;16179;
29-01-20 11:30;29-01-20 12:00;PAA;14511;
29-01-20 12:00;29-01-20 12:15;PAA;14512;
29-01-20 12:30;29-01-20 13:15;LEVP;0;ABSCENCE
29-01-20 13:15;29-01-20 13:30;LEVP;15996;
29-01-20 13:30;29-01-20 13:45;LEVP;15995;
29-01-20 13:30;29-01-20 14:00;PAA;15115;
29-01-20 13:45;29-01-20 14:00;LEVP;15994;
29-01-20 14:00;29-01-20 14:30;PAA;14920;
29-01-20 14:00;29-01-20 14:15;LEVP;16194;
29-01-20 14:15;29-01-20 14:22;LEVP;12304;
29-01-20 14:30;29-01-20 15:00;PAA;15005;
29-01-20 14:30;29-01-20 15:00;LEVP;16225;
29-01-20 15:00;29-01-20 15:30;PAA;9277;
29-01-20 15:00;29-01-20 15:15;LEVP;13132;
29-01-20 15:15;29-01-20 15:30;LEVP;0;ABSCENCE
29-01-20 15:30;29-01-20 16:00;LEVP;11896;
29-01-20 15:30;29-01-20 16:00;PAA;9384;
29-01-20 16:00;29-01-20 16:30;PAA;14843;
29-01-20 16:00;29-01-20 16:45;LEVP;14141;
29-01-20 16:30;29-01-20 17:00;PAA;9627;
29-01-20 16:45;29-01-20 17:15;LEVP;15489;
29-01-20 17:00;29-01-20 17:30;PAA;10150;
29-01-20 17:15;29-01-20 17:45;LEVP;16024;
29-01-20 17:45;29-01-20 18:00;LEVP;0;ABSCENCE
30-01-20 08:45;30-01-20 09:15;DJP;16196;
30-01-20 09:00;30-01-20 09:30;LEVP;6095;
30-01-20 09:15;30-01-20 09:45;DJP;15388;
30-01-20 09:30;30-01-20 10:15;LEVP;16060;
30-01-20 09:45;30-01-20 10:15;DJP;15071;
30-01-20 10:15;30-01-20 10:45;DJP;13385;
30-01-20 10:15;30-01-20 10:30;LEVP;0;ABSCENCE
30-01-20 10:30;30-01-20 12:00;LEVP;5557;
30-01-20 10:45;30-01-20 11:00;DJP;15449;
30-01-20 11:00;30-01-20 11:30;DJP;1725;
30-01-20 11:30;30-01-20 12:00;DJP;13761;
30-01-20 13:00;30-01-20 13:15;LEVP;0;ABSCENCE
30-01-20 13:15;30-01-20 13:45;LEVP;13259;
30-01-20 13:30;30-01-20 14:00;DJP;0;délégué
30-01-20 13:45;30-01-20 14:30;LEVP;5267;
30-01-20 14:00;30-01-20 14:30;DJP;15830;
30-01-20 14:30;30-01-20 15:30;DJP;13412;
30-01-20 14:30;30-01-20 15:15;LEVP;5681;
30-01-20 15:15;30-01-20 15:45;LEVP;5084;
30-01-20 15:30;30-01-20 16:00;DJP;16205;
30-01-20 15:45;30-01-20 16:00;LEVP;15160;
30-01-20 16:00;30-01-20 16:30;LEVP;14978;
30-01-20 16:00;30-01-20 16:30;DJP;16216;
30-01-20 16:30;30-01-20 17:15;DJP;6906;
30-01-20 16:30;30-01-20 17:15;LEVP;16017;
30-01-20 17:15;30-01-20 17:30;LEVP;0;ABSCENCE
31-01-20 08:45;31-01-20 09:30;DJP;0;ABSCENCE
31-01-20 09:00;31-01-20 09:45;DJP;13220;
31-01-20 09:00;31-01-20 17:00;LEVP;0;ABSCENCE
31-01-20 09:00;31-01-20 10:00;DANA;14051;
31-01-20 09:15;31-01-20 10:00;COL;16215;
31-01-20 09:45;31-01-20 10:30;DJP;16190;
31-01-20 10:00;31-01-20 10:30;COL;13439;
31-01-20 10:00;31-01-20 10:45;DANA;10347;
31-01-20 10:30;31-01-20 11:00;COL;11471;
31-01-20 10:30;31-01-20 11:15;DJP;9524;
31-01-20 10:45;31-01-20 11:15;DANA;15754;
31-01-20 11:00;31-01-20 11:45;COL;16096;
31-01-20 11:00;31-01-20 11:30;DJP;10553;
31-01-20 11:15;31-01-20 12:00;DANA;14465;
31-01-20 11:30;31-01-20 12:00;DJP;14736;
31-01-20 12:00;31-01-20 12:15;COL;11106;
31-01-20 12:15;31-01-20 12:30;COL;11107;
31-01-20 12:30;31-01-20 12:45;COL;11312;
31-01-20 12:45;31-01-20 13:15;COL;14775;
31-01-20 13:00;31-01-20 13:30;DANA;16307;
31-01-20 13:30;31-01-20 14:30;DANA;13781;
31-01-20 13:45;31-01-20 14:00;COL;14083;
31-01-20 14:00;31-01-20 15:00;COL;12354;
31-01-20 14:30;31-01-20 15:15;DANA;10127;
31-01-20 14:45;31-01-20 15:30;COL;6706;
31-01-20 15:15;31-01-20 16:00;DANA;14655;
31-01-20 15:30;31-01-20 16:00;COL;15986;
31-01-20 16:00;31-01-20 16:45;DANA;14996;
31-01-20 16:00;31-01-20 16:15;COL;16256;
31-01-20 16:15;31-01-20 16:45;COL;16158;
31-01-20 16:45;31-01-20 17:30;COL;13289;
31-01-20 16:45;31-01-20 17:30;DANA;6022;
03-02-20 08:45;03-02-20 09:00;COL;0;ABSCENCE
03-02-20 09:00;03-02-20 09:30;LEVP;5690;
03-02-20 09:00;03-02-20 10:15;COL;12291;
03-02-20 09:30;03-02-20 10:15;LEVP;11309;
03-02-20 10:15;03-02-20 11:00;COL;15147;
03-02-20 10:15;03-02-20 11:00;LEVP;16250;
03-02-20 11:00;03-02-20 12:00;LEVP;16259;
03-02-20 11:00;03-02-20 22:45;COL;0;Congés annuels
03-02-20 12:00;03-02-20 12:15;LEVP;0;ABSCENCE
03-02-20 13:00;03-02-20 13:30;LEVP;16284;
03-02-20 13:30;03-02-20 14:00;LEVP;15866;
03-02-20 14:00;03-02-20 14:30;DJP;12544;
03-02-20 14:00;03-02-20 15:00;LEVP;16171;
03-02-20 14:30;03-02-20 14:45;DJP;14736;
03-02-20 14:45;03-02-20 15:00;DJP;14490;
03-02-20 15:00;03-02-20 15:30;DJP;3654;
03-02-20 15:00;03-02-20 15:30;LEVP;5287;
03-02-20 15:30;03-02-20 16:15;LEVP;6975;
03-02-20 15:30;03-02-20 16:00;DJP;11000;
03-02-20 16:00;03-02-20 16:45;DJP;16138;
03-02-20 16:15;03-02-20 16:45;LEVP;14584;
03-02-20 16:30;03-02-20 17:00;DJP;10553;
03-02-20 16:45;03-02-20 17:15;LEVP;12144;
03-02-20 16:45;03-02-20 17:15;DJP;13708;
03-02-20 17:15;03-02-20 17:45;LEVP;12829;
03-02-20 17:15;03-02-20 17:45;DJP;14992;
03-02-20 17:45;03-02-20 18:00;LEVP;0;ABSCENCE
04-02-20 08:30;04-02-20 09:00;DANA;15483;
04-02-20 09:00;04-02-20 09:30;DANA;7741;
04-02-20 09:00;04-02-20 09:15;PAA;14641;
04-02-20 09:15;04-02-20 09:30;PAA;15569;
04-02-20 09:15;04-02-20 10:00;COL;12164;
04-02-20 09:30;04-02-20 10:00;DANA;16220;
04-02-20 09:30;04-02-20 10:00;PAA;12925;
04-02-20 09:45;04-02-20 10:30;COL;15176;
04-02-20 10:00;04-02-20 10:37;DANA;7767;
04-02-20 10:00;04-02-20 11:00;PAA;15954;
04-02-20 10:30;04-02-20 11:15;COL;14681;
04-02-20 10:30;04-02-20 11:15;DANA;6304;
04-02-20 11:00;04-02-20 11:15;PAA;13971;
04-02-20 11:15;04-02-20 12:00;COL;14961;
04-02-20 11:15;04-02-20 11:45;DANA;15714;
04-02-20 11:45;04-02-20 12:30;PAA;13989;
04-02-20 12:00;04-02-20 12:30;COL;13712;
04-02-20 12:30;04-02-20 13:15;COL;15114;
04-02-20 12:30;04-02-20 12:45;PAA;15201;
04-02-20 12:45;04-02-20 13:00;PAA;13522;
04-02-20 13:15;04-02-20 14:00;DANA;16106;
04-02-20 13:45;04-02-20 14:15;COL;14749;
04-02-20 14:00;04-02-20 14:30;DANA;10290;
04-02-20 14:15;04-02-20 14:45;COL;16193;
04-02-20 14:30;04-02-20 15:15;DANA;11698;
04-02-20 14:45;04-02-20 15:30;COL;16042;
04-02-20 15:15;04-02-20 16:00;DANA;13878;
04-02-20 15:45;04-02-20 16:00;COL;15921;
04-02-20 16:00;04-02-20 16:15;COL;12105;
04-02-20 16:00;04-02-20 16:45;DANA;12234;
04-02-20 16:15;04-02-20 16:45;COL;16158;
04-02-20 16:45;04-02-20 17:00;DANA;5953;
04-02-20 16:45;04-02-20 17:30;COL;16015;
04-02-20 17:00;04-02-20 17:15;DANA;7565;
04-02-20 17:15;04-02-20 18:00;DANA;16131;
05-02-20 09:00;05-02-20 09:30;LEVP;16272;
05-02-20 09:00;05-02-20 09:30;PAA;16088;
05-02-20 09:30;05-02-20 10:00;LEVP;16264;
05-02-20 09:30;05-02-20 10:00;PAA;14919;
05-02-20 10:00;05-02-20 10:30;PAA;11324;
05-02-20 10:00;05-02-20 10:15;LEVP;15219;
05-02-20 10:15;05-02-20 10:30;LEVP;0;ABSCENCE
05-02-20 10:30;05-02-20 12:00;LEVP;11787;
05-02-20 10:30;05-02-20 11:00;PAA;15219;
05-02-20 11:00;05-02-20 12:00;PAA;15965;
05-02-20 12:00;05-02-20 12:15;PAA;14539;
05-02-20 13:00;05-02-20 13:30;LEVP;0;ABSCENCE
05-02-20 13:30;05-02-20 14:00;PAA;13702;
05-02-20 13:30;05-02-20 13:37;LEVP;14858;
05-02-20 13:45;05-02-20 14:15;LEVP;12802;
05-02-20 14:15;05-02-20 14:30;LEVP;12932;
05-02-20 14:30;05-02-20 14:45;LEVP;13477;
05-02-20 14:30;05-02-20 15:00;PAA;13890;
05-02-20 14:45;05-02-20 15:00;LEVP;15661;
05-02-20 15:00;05-02-20 15:15;LEVP;12959;
05-02-20 15:00;05-02-20 15:30;PAA;14422;
05-02-20 15:15;05-02-20 15:30;LEVP;12565;
05-02-20 15:30;05-02-20 15:45;LEVP;0;ABSCENCE
05-02-20 15:30;05-02-20 15:45;PAA;14423;
05-02-20 15:45;05-02-20 16:00;LEVP;16043;
05-02-20 16:00;05-02-20 16:15;LEVP;15845;
05-02-20 16:00;05-02-20 16:30;PAA;14458;
05-02-20 16:15;05-02-20 16:30;LEVP;15846;
05-02-20 16:30;05-02-20 16:45;LEVP;6667;
05-02-20 16:30;05-02-20 17:00;PAA;14665;
05-02-20 16:45;05-02-20 16:52;LEVP;16165;
05-02-20 17:00;05-02-20 17:15;LEVP;16166;
05-02-20 17:00;05-02-20 17:30;PAA;15261;
05-02-20 17:15;05-02-20 17:45;LEVP;10652;
05-02-20 17:45;05-02-20 18:00;LEVP;0;ABSCENCE
06-02-20 08:45;06-02-20 09:30;DJP;16195;
06-02-20 09:00;06-02-20 09:30;LEVP;16097;
06-02-20 09:30;06-02-20 10:00;DJP;10108;
06-02-20 09:30;06-02-20 09:45;LEVP;15734;
06-02-20 09:45;06-02-20 10:00;LEVP;0;ABSCENCE
06-02-20 10:00;06-02-20 10:30;DJP;15830;
06-02-20 10:00;06-02-20 10:30;LEVP;3595;
06-02-20 10:30;06-02-20 11:00;DJP;14035;
06-02-20 10:30;06-02-20 11:30;LEVP;5628;
06-02-20 11:00;06-02-20 11:30;DJP;10526;
06-02-20 11:30;06-02-20 12:00;DJP;16176;
06-02-20 11:30;06-02-20 12:00;LEVP;518;
06-02-20 12:00;06-02-20 14:00;DJP;0;stop
06-02-20 13:00;06-02-20 13:45;LEVP;15971;
06-02-20 13:15;06-02-20 14:00;DJP;427;
06-02-20 13:45;06-02-20 14:45;LEVP;15701;
06-02-20 14:00;06-02-20 14:45;DJP;13412;
06-02-20 14:30;06-02-20 15:30;DJP;16147;
06-02-20 14:45;06-02-20 15:30;LEVP;12995;
06-02-20 15:30;06-02-20 16:00;DJP;16205;
06-02-20 15:30;06-02-20 16:30;LEVP;16265;
06-02-20 16:00;06-02-20 16:30;DJP;12334;
06-02-20 16:30;06-02-20 17:15;LEVP;10883;
06-02-20 16:30;06-02-20 17:00;DJP;14375;
06-02-20 17:00;06-02-20 17:30;DJP;15160;
06-02-20 17:15;06-02-20 17:30;LEVP;0;ABSCENCE
07-02-20 08:45;07-02-20 09:15;DJP;13220;
07-02-20 09:00;07-02-20 17:00;LEVP;0;ABSCENCE
07-02-20 09:00;07-02-20 12:00;DANA;0;ABSCENCE
07-02-20 09:15;07-02-20 10:00;DJP;16190;
07-02-20 09:15;07-02-20 09:45;COL;12078;
07-02-20 09:45;07-02-20 10:00;COL;16302;
07-02-20 10:00;07-02-20 10:30;COL;15045;
07-02-20 10:00;07-02-20 11:00;DJP;15071;
07-02-20 10:30;07-02-20 10:45;COL;11471;
07-02-20 10:45;07-02-20 11:30;COL;15755;
07-02-20 11:00;07-02-20 11:30;DJP;9524;
07-02-20 11:30;07-02-20 12:00;DJP;2555;
07-02-20 11:30;07-02-20 12:00;COL;12011;
07-02-20 12:00;07-02-20 12:45;COL;15575;
07-02-20 12:00;07-02-20 12:30;DJP;10553;
07-02-20 12:45;07-02-20 13:15;COL;14775;
07-02-20 12:45;07-02-20 13:30;DANA;7572;
07-02-20 13:30;07-02-20 14:15;DANA;16160;
07-02-20 14:15;07-02-20 15:15;DANA;12669;
07-02-20 14:30;07-02-20 15:00;COL;14044;
07-02-20 15:00;07-02-20 15:30;COL;13782;
07-02-20 15:15;07-02-20 16:00;DANA;6620;
07-02-20 15:30;07-02-20 16:00;COL;15986;
07-02-20 16:00;07-02-20 16:30;DANA;6222;
07-02-20 16:00;07-02-20 16:15;COL;15801;
07-02-20 16:15;07-02-20 16:30;COL;12707;
07-02-20 16:30;07-02-20 17:15;DANA;5942;
07-02-20 16:30;07-02-20 17:15;COL;15674;
07-02-20 17:15;07-02-20 17:30;COL;6429;
10-02-20 09:00;10-02-20 09:45;LEVP;16183;
10-02-20 09:45;10-02-20 10:30;LEVP;16264;
10-02-20 10:30;10-02-20 11:15;LEVP;15970;
10-02-20 11:15;10-02-20 11:45;LEVP;14238;
10-02-20 11:45;10-02-20 12:15;LEVP;5680;
10-02-20 13:00;10-02-20 13:15;LEVP;0;ABSCENCE
10-02-20 13:15;10-02-20 13:45;LEVP;16275;
10-02-20 13:45;10-02-20 14:45;LEVP;6770;
10-02-20 14:00;10-02-20 14:30;DJP;15998;
10-02-20 14:30;10-02-20 15:00;DJP;10984;
10-02-20 14:45;10-02-20 15:30;LEVP;16296;
10-02-20 15:00;10-02-20 15:30;DJP;11000;
10-02-20 15:30;10-02-20 16:30;LEVP;9886;
10-02-20 15:30;10-02-20 16:30;DJP;15871;
10-02-20 16:30;10-02-20 17:15;LEVP;14674;
10-02-20 16:30;10-02-20 17:00;DJP;15742;
10-02-20 17:00;10-02-20 17:15;DJP;14621;
10-02-20 17:15;10-02-20 18:00;LEVP;14998;
10-02-20 17:15;10-02-20 17:45;DJP;16204;
11-02-20 08:30;11-02-20 09:15;DANA;16270;
11-02-20 09:00;11-02-20 09:15;PAA;13949;
11-02-20 09:15;11-02-20 10:00;COL;12275;
11-02-20 09:15;11-02-20 09:30;PAA;12895;
11-02-20 09:15;11-02-20 10:00;DANA;6758;
11-02-20 09:30;11-02-20 09:45;PAA;13723;
11-02-20 09:45;11-02-20 10:15;PAA;10705;
11-02-20 10:00;11-02-20 11:30;COL;14696;
11-02-20 10:00;11-02-20 11:30;DANA;15714;
11-02-20 10:15;11-02-20 10:45;PAA;16187;
11-02-20 10:45;11-02-20 11:00;PAA;14358;
11-02-20 11:00;11-02-20 11:30;PAA;14190;
11-02-20 11:30;11-02-20 12:15;COL;15512;
11-02-20 11:30;11-02-20 12:15;DANA;13266;
11-02-20 11:30;11-02-20 12:00;PAA;15924;
11-02-20 12:00;11-02-20 12:15;PAA;13971;
11-02-20 12:00;11-02-20 12:45;DANA;5861;
11-02-20 12:15;11-02-20 12:30;PAA;12280;
11-02-20 12:15;11-02-20 13:00;COL;12580;
11-02-20 12:30;11-02-20 13:00;PAA;12279;
11-02-20 13:30;11-02-20 14:15;DANA;15872;
11-02-20 13:45;11-02-20 14:30;COL;16135;
11-02-20 14:15;11-02-20 15:00;DANA;11165;
11-02-20 14:30;11-02-20 15:00;COL;16193;
11-02-20 15:00;11-02-20 15:30;COL;16042;
11-02-20 15:00;11-02-20 16:00;DANA;11260;
11-02-20 15:30;11-02-20 16:15;COL;10008;
11-02-20 16:00;11-02-20 16:30;DANA;11291;
11-02-20 16:15;11-02-20 16:45;COL;16158;
11-02-20 16:30;11-02-20 16:45;DANA;10474;
11-02-20 16:45;11-02-20 16:52;DANA;13512;
11-02-20 16:45;11-02-20 17:30;COL;16015;
11-02-20 17:00;11-02-20 17:30;DANA;11659;
11-02-20 17:30;11-02-20 18:00;DANA;13606;
12-02-20 09:00;12-02-20 09:30;LEVP;12063;
12-02-20 09:00;12-02-20 09:30;PAA;9568;
12-02-20 09:30;12-02-20 10:00;PAA;14471;
12-02-20 09:30;12-02-20 10:15;LEVP;15877;
12-02-20 10:00;12-02-20 11:00;PAA;10932;
12-02-20 10:15;12-02-20 10:30;LEVP;0;ABSCENCE
12-02-20 10:30;12-02-20 12:00;LEVP;14998;
12-02-20 11:00;12-02-20 11:30;PAA;16063;
12-02-20 11:30;12-02-20 12:30;PAA;11110;
12-02-20 13:00;12-02-20 13:30;LEVP;5101;
12-02-20 13:30;12-02-20 14:00;PAA;15313;
12-02-20 13:30;12-02-20 14:00;LEVP;16115;
12-02-20 14:00;12-02-20 14:15;PAA;7858;
12-02-20 14:00;12-02-20 14:30;LEVP;5004;
12-02-20 14:15;12-02-20 14:30;PAA;14438;
12-02-20 14:30;12-02-20 15:00;PAA;10144;
12-02-20 14:30;12-02-20 15:00;LEVP;16269;
12-02-20 15:00;12-02-20 15:30;PAA;14598;
12-02-20 15:00;12-02-20 15:15;LEVP;13845;
12-02-20 15:15;12-02-20 15:45;LEVP;14360;
12-02-20 15:30;12-02-20 16:00;PAA;14080;
12-02-20 15:45;12-02-20 16:00;LEVP;13284;
12-02-20 16:00;12-02-20 16:30;PAA;13841;
12-02-20 16:00;12-02-20 16:30;LEVP;14513;
12-02-20 16:30;12-02-20 16:45;LEVP;14520;
12-02-20 16:30;12-02-20 17:00;PAA;11021;
12-02-20 16:45;12-02-20 17:00;LEVP;10536;
12-02-20 17:00;12-02-20 17:45;LEVP;16286;
12-02-20 17:00;12-02-20 17:30;PAA;13701;
12-02-20 17:45;12-02-20 18:00;LEVP;0;ABSCENCE
13-02-20 08:45;13-02-20 09:15;DJP;14498;
13-02-20 09:00;13-02-20 09:45;LEVP;15831;
13-02-20 09:15;13-02-20 09:45;DJP;25;
13-02-20 09:45;13-02-20 10:00;DJP;204;
13-02-20 09:45;13-02-20 10:30;LEVP;16118;
13-02-20 10:00;13-02-20 10:30;DJP;2733;
13-02-20 10:30;13-02-20 11:00;DJP;15830;
13-02-20 10:30;13-02-20 11:15;LEVP;16159;
13-02-20 11:00;13-02-20 11:45;DJP;16147;
13-02-20 11:15;13-02-20 12:00;LEVP;15686;
13-02-20 11:45;13-02-20 12:15;DJP;12201;
13-02-20 12:15;13-02-20 12:45;DJP;16247;
13-02-20 13:00;13-02-20 13:30;LEVP;5042;
13-02-20 13:15;13-02-20 14:00;DJP;427;
13-02-20 13:30;13-02-20 14:00;LEVP;9663;
13-02-20 14:00;13-02-20 14:15;LEVP;9293;
13-02-20 14:00;13-02-20 14:30;DJP;13412;
13-02-20 14:15;13-02-20 14:45;LEVP;10275;
13-02-20 14:30;13-02-20 15:00;DJP;16176;
13-02-20 14:45;13-02-20 15:15;LEVP;5193;
13-02-20 15:00;13-02-20 15:30;DJP;15501;
13-02-20 15:15;13-02-20 15:30;LEVP;10639;
13-02-20 15:30;13-02-20 15:45;LEVP;12305;
13-02-20 15:30;13-02-20 16:00;DJP;16205;
13-02-20 15:45;13-02-20 16:15;LEVP;12306;
13-02-20 16:00;13-02-20 16:30;DJP;14564;
13-02-20 16:15;13-02-20 17:15;LEVP;16265;
13-02-20 16:30;13-02-20 17:00;DJP;16217;
13-02-20 17:00;13-02-20 17:30;DJP;12430;
13-02-20 17:15;13-02-20 17:30;LEVP;0;ABSCENCE
14-02-20 08:45;14-02-20 09:30;DJP;13220;
14-02-20 08:45;14-02-20 09:30;DJP;0;ABSCENCE
14-02-20 09:00;14-02-20 13:00;LEVP;0;ABSCENCE
14-02-20 09:00;14-02-20 10:00;DANA;0;ABSCENCE
14-02-20 09:15;14-02-20 10:00;COL;16215;
14-02-20 09:30;14-02-20 10:00;DJP;10004;
14-02-20 10:00;14-02-20 11:00;COL;11628;
14-02-20 10:00;14-02-20 10:45;DANA;15714;
14-02-20 10:00;14-02-20 10:30;DJP;6815;
14-02-20 10:30;14-02-20 11:00;DJP;16029;
14-02-20 10:45;14-02-20 11:30;DANA;15758;
14-02-20 11:00;14-02-20 11:30;COL;16240;
14-02-20 11:00;14-02-20 11:30;DJP;1096;
14-02-20 11:30;14-02-20 12:00;DANA;6620;
14-02-20 11:30;14-02-20 11:45;COL;16241;
14-02-20 11:30;14-02-20 12:00;DJP;11188;
14-02-20 11:45;14-02-20 12:00;COL;16242;
14-02-20 12:00;14-02-20 12:45;COL;12897;
14-02-20 12:00;14-02-20 12:15;DJP;10553;
14-02-20 12:45;14-02-20 13:15;COL;14775;
14-02-20 13:00;14-02-20 17:00;LEVP;0;ABSCENCE
14-02-20 13:30;14-02-20 14:30;DANA;11260;
14-02-20 13:45;14-02-20 14:45;COL;14696;
14-02-20 14:30;14-02-20 15:15;DANA;16106;
14-02-20 14:45;14-02-20 15:30;COL;15017;
14-02-20 15:15;14-02-20 16:00;DANA;8158;
14-02-20 15:30;14-02-20 16:00;COL;15986;
14-02-20 16:00;14-02-20 16:30;COL;7725;
14-02-20 16:00;14-02-20 17:00;DANA;6234;
14-02-20 16:30;14-02-20 17:30;COL;15674;
14-02-20 16:45;14-02-20 17:00;LEVP;0;ABSCENCE
14-02-20 17:00;14-02-20 17:30;DANA;5886;
17-02-20 09:00;17-02-20 09:15;LEVP;15703;
17-02-20 09:15;17-02-20 09:30;LEVP;15702;
17-02-20 09:30;17-02-20 09:45;LEVP;0;ABSCENCE
17-02-20 09:45;17-02-20 10:15;LEVP;5685;
17-02-20 10:15;17-02-20 11:00;LEVP;5047;
17-02-20 11:00;17-02-20 11:30;LEVP;13729;
17-02-20 11:30;17-02-20 12:00;LEVP;5492;
17-02-20 12:00;17-02-20 13:00;LEVP;0;ABSCENCE
17-02-20 13:15;17-02-20 14:00;LEVP;5194;
17-02-20 14:00;17-02-20 14:30;DJP;13931;
17-02-20 14:00;17-02-20 14:45;LEVP;5040;
17-02-20 14:30;17-02-20 15:00;DJP;3995;
17-02-20 14:45;17-02-20 15:30;LEVP;12661;
17-02-20 15:00;17-02-20 15:30;DJP;16229;
17-02-20 15:30;17-02-20 16:00;DJP;16230;
17-02-20 15:30;17-02-20 16:00;LEVP;15540;
17-02-20 16:00;17-02-20 16:07;LEVP;13920;
17-02-20 16:00;17-02-20 16:15;DJP;16233;
17-02-20 16:15;17-02-20 16:45;DJP;16234;
17-02-20 16:30;17-02-20 17:00;LEVP;5497;
17-02-20 16:45;17-02-20 17:15;DJP;16237;
17-02-20 17:00;17-02-20 17:45;LEVP;16061;
17-02-20 17:15;17-02-20 17:30;DJP;15525;
17-02-20 17:30;17-02-20 18:00;DJP;12430;
17-02-20 17:45;17-02-20 18:00;LEVP;0;ABSCENCE
18-02-20 08:45;18-02-20 09:30;DANA;12817;
18-02-20 09:00;18-02-20 09:15;PAA;13829;
18-02-20 09:15;18-02-20 10:00;COL;12275;
18-02-20 09:30;18-02-20 10:00;PAA;15232;
18-02-20 09:30;18-02-20 10:15;DANA;14893;
18-02-20 10:00;18-02-20 11:00;PAA;16090;
18-02-20 10:00;18-02-20 10:30;COL;13521;
18-02-20 10:15;18-02-20 11:00;DANA;14447;
18-02-20 10:30;18-02-20 11:00;COL;14696;
18-02-20 11:00;18-02-20 12:00;COL;6169;
18-02-20 11:00;18-02-20 11:30;DANA;3754;
18-02-20 11:00;18-02-20 11:30;PAA;15228;
18-02-20 11:30;18-02-20 12:00;DANA;16273;
18-02-20 11:30;18-02-20 12:00;PAA;13970;
18-02-20 12:00;18-02-20 13:30;COL;13611;
18-02-20 12:00;18-02-20 13:30;LEVP;0;ABSCENCE
18-02-20 12:00;18-02-20 13:30;PAA;10339;
18-02-20 12:00;18-02-20 13:30;DANA;0;REUNION
18-02-20 13:30;18-02-20 14:00;COL;14775;
18-02-20 13:30;18-02-20 14:45;DANA;11260;
18-02-20 14:00;18-02-20 14:30;COL;9621;
18-02-20 14:30;18-02-20 15:00;COL;16193;
18-02-20 14:45;18-02-20 15:30;DANA;13409;
18-02-20 15:00;18-02-20 15:30;COL;16042;
18-02-20 15:30;18-02-20 16:30;DANA;15872;
18-02-20 15:30;18-02-20 16:00;COL;16151;
18-02-20 16:00;18-02-20 16:15;COL;15576;
18-02-20 16:15;18-02-20 16:30;COL;13918;
18-02-20 16:30;18-02-20 17:00;DANA;14496;
18-02-20 16:30;18-02-20 17:00;COL;16158;
18-02-20 17:00;18-02-20 17:15;DANA;8763;
18-02-20 17:00;18-02-20 17:30;COL;15959;
18-02-20 17:15;18-02-20 18:00;DANA;16105;
19-02-20 09:00;19-02-20 10:00;PAA;11198;
19-02-20 09:00;19-02-20 09:30;LEVP;5709;
19-02-20 09:30;19-02-20 10:00;LEVP;7415;
19-02-20 10:00;19-02-20 10:15;PAA;14079;
19-02-20 10:00;19-02-20 10:30;LEVP;16292;
19-02-20 10:30;19-02-20 12:00;LEVP;14998;
19-02-20 10:30;19-02-20 11:00;PAA;15175;
19-02-20 11:00;19-02-20 12:00;PAA;10703;
19-02-20 12:00;19-02-20 12:30;PAA;11896;
19-02-20 13:00;19-02-20 13:30;LEVP;0;ABSCENCE
19-02-20 13:30;19-02-20 13:45;LEVP;16070;
19-02-20 13:30;19-02-20 14:00;PAA;15229;
19-02-20 13:45;19-02-20 14:00;LEVP;16132;
19-02-20 14:00;19-02-20 14:30;PAA;14023;
19-02-20 14:00;19-02-20 14:30;LEVP;16288;
19-02-20 14:30;19-02-20 14:45;LEVP;14476;
19-02-20 14:30;19-02-20 15:00;PAA;11008;
19-02-20 14:45;19-02-20 15:00;LEVP;10832;
19-02-20 15:00;19-02-20 15:15;LEVP;10833;
19-02-20 15:00;19-02-20 15:30;PAA;15165;
19-02-20 15:15;19-02-20 15:30;LEVP;11243;
19-02-20 15:30;19-02-20 15:45;LEVP;13169;
19-02-20 15:30;19-02-20 16:00;PAA;14595;
19-02-20 15:45;19-02-20 16:00;LEVP;0;ABSCENCE
19-02-20 16:00;19-02-20 16:30;PAA;4839;
19-02-20 16:00;19-02-20 16:15;LEVP;12461;
19-02-20 16:15;19-02-20 16:30;LEVP;10703;
19-02-20 16:30;19-02-20 16:45;LEVP;12895;
19-02-20 16:30;19-02-20 17:00;PAA;14984;
19-02-20 16:45;19-02-20 17:15;LEVP;11681;
19-02-20 17:00;19-02-20 17:15;PAA;14483;
19-02-20 17:15;19-02-20 17:45;LEVP;5098;
19-02-20 17:15;19-02-20 17:30;PAA;14484;
19-02-20 17:45;19-02-20 18:00;LEVP;0;ABSCENCE
20-02-20 08:45;20-02-20 09:30;DJP;16062;
20-02-20 09:00;20-02-20 09:30;LEVP;5161;
20-02-20 09:30;20-02-20 10:15;LEVP;15847;
20-02-20 09:30;20-02-20 10:00;DJP;15071;
20-02-20 10:00;20-02-20 10:30;DJP;15830;
20-02-20 10:15;20-02-20 10:45;LEVP;14395;
20-02-20 10:30;20-02-20 11:00;DJP;14987;
20-02-20 10:45;20-02-20 11:15;LEVP;16317;
20-02-20 11:00;20-02-20 11:30;DJP;16147;
20-02-20 11:15;20-02-20 12:00;LEVP;16185;
20-02-20 11:30;20-02-20 12:15;DJP;13731;
20-02-20 12:15;20-02-20 14:00;DJP;0;stop
20-02-20 13:00;20-02-20 13:45;LEVP;5064;
20-02-20 13:45;20-02-20 14:15;LEVP;9081;
20-02-20 14:00;20-02-20 14:30;DJP;16246;
20-02-20 14:15;20-02-20 14:45;LEVP;5117;
20-02-20 14:30;20-02-20 15:00;DJP;15151;
20-02-20 14:45;20-02-20 15:15;LEVP;5581;
20-02-20 15:00;20-02-20 15:30;DJP;13107;
20-02-20 15:15;20-02-20 16:00;LEVP;12700;
20-02-20 15:30;20-02-20 16:00;DJP;16205;
20-02-20 16:00;20-02-20 16:30;DJP;16119;
20-02-20 16:00;20-02-20 16:30;LEVP;12306;
20-02-20 16:30;20-02-20 17:00;DJP;11636;
20-02-20 16:30;20-02-20 17:00;LEVP;5263;
20-02-20 17:00;20-02-20 17:30;DJP;16251;
20-02-20 17:15;20-02-20 17:30;LEVP;0;ABSCENCE
21-02-20 07:00;21-02-20 23:45;COL;0;Congés annuels
21-02-20 08:45;21-02-20 09:22;DJP;13220;
21-02-20 09:00;21-02-20 10:00;DANA;0;ABSCENCE
21-02-20 09:00;21-02-20 17:00;LEVP;0;ABSCENCE
21-02-20 09:15;21-02-20 10:00;DJP;16190;
21-02-20 10:00;21-02-20 10:30;DJP;9740;
21-02-20 10:00;21-02-20 10:30;DANA;9629;
21-02-20 10:30;21-02-20 11:15;DJP;12375;
21-02-20 10:30;21-02-20 11:15;DANA;7207;
21-02-20 11:15;21-02-20 12:00;DJP;11286;
21-02-20 11:15;21-02-20 12:00;DANA;15714;
21-02-20 13:30;21-02-20 14:30;DANA;15839;
21-02-20 14:00;21-02-20 14:30;COL;6757;
21-02-20 14:30;21-02-20 15:00;DANA;6620;
21-02-20 15:00;21-02-20 15:30;DANA;15337;
21-02-20 15:30;21-02-20 16:00;DANA;14667;
21-02-20 16:00;21-02-20 16:45;DANA;13664;
21-02-20 16:45;21-02-20 17:15;DANA;8772;
24-02-20 07:00;24-02-20 23:45;DJP;13165;
24-02-20 08:00;24-02-20 08:30;LEVP;0;ABSCENCE
24-02-20 09:30;24-02-20 17:30;LEVP;0;ABSCENCE
24-02-20 14:30;24-02-20 15:00;DJP;3995;
24-02-20 16:15;24-02-20 16:45;DJP;16237;
24-02-20 16:45;24-02-20 17:30;DJP;13107;
25-02-20 07:00;25-02-20 23:45;COL;0;Congés annuels
25-02-20 08:00;25-02-20 08:15;DANA;0;ABSCENCE
25-02-20 08:30;25-02-20 08:45;PAA;10339;
25-02-20 08:30;25-02-20 09:00;DANA;13297;
25-02-20 09:00;25-02-20 19:00;PAA;10339;
25-02-20 09:00;25-02-20 09:15;DANA;15944;
25-02-20 09:15;25-02-20 10:00;DANA;15827;
25-02-20 10:00;25-02-20 10:30;DANA;10932;
25-02-20 10:30;25-02-20 11:00;DANA;7222;
25-02-20 11:00;25-02-20 11:30;DANA;8936;
25-02-20 11:30;25-02-20 12:00;DANA;8585;
25-02-20 13:00;25-02-20 13:45;DANA;7207;
25-02-20 13:45;25-02-20 14:30;DANA;12170;
25-02-20 14:30;25-02-20 15:00;DANA;13583;
25-02-20 15:00;25-02-20 15:30;DANA;14592;
25-02-20 15:30;25-02-20 16:00;DANA;4809;
25-02-20 16:00;25-02-20 16:45;DANA;6238;
25-02-20 16:45;25-02-20 17:15;DANA;12495;
25-02-20 17:15;25-02-20 17:30;DANA;8888;
25-02-20 17:30;25-02-20 18:00;DANA;11946;
26-02-20 08:15;26-02-20 08:45;LEVP;0;ABSCENCE
26-02-20 08:30;26-02-20 08:45;PAA;10339;
26-02-20 09:00;26-02-20 17:30;PAA;10339;
26-02-20 09:00;26-02-20 09:30;LEVP;4415;
26-02-20 09:30;26-02-20 10:00;LEVP;16249;
26-02-20 10:00;26-02-20 10:45;LEVP;11286;
26-02-20 10:45;26-02-20 11:15;LEVP;11964;
26-02-20 11:15;26-02-20 12:00;LEVP;6926;
26-02-20 13:00;26-02-20 13:15;LEVP;15579;
26-02-20 15:30;26-02-20 16:00;LEVP;14533;
26-02-20 16:00;26-02-20 16:15;LEVP;15390;
26-02-20 16:15;26-02-20 16:45;LEVP;15389;
26-02-20 16:45;26-02-20 17:15;LEVP;16313;
26-02-20 17:15;26-02-20 17:45;LEVP;16312;
26-02-20 17:45;26-02-20 18:00;LEVP;0;ABSCENCE
27-02-20 07:00;27-02-20 23:45;DJP;0;CONGE
27-02-20 08:00;27-02-20 08:30;LEVP;0;ABSCENCE
27-02-20 10:00;27-02-20 10:30;LEVP;5577;
27-02-20 11:00;27-02-20 11:45;DJP;16147;
27-02-20 11:15;27-02-20 12:00;LEVP;5194;
27-02-20 13:00;27-02-20 14:00;LEVP;13648;
27-02-20 15:30;27-02-20 16:00;DJP;16205;
27-02-20 15:45;27-02-20 16:30;LEVP;12308;
27-02-20 16:30;27-02-20 17:15;LEVP;5665;
27-02-20 16:30;27-02-20 16:45;DJP;12449;
27-02-20 16:45;27-02-20 17:00;DJP;9954;
27-02-20 17:00;27-02-20 17:30;DJP;16248;
27-02-20 17:15;27-02-20 17:30;LEVP;0;ABSCENCE
28-02-20 07:00;28-02-20 23:45;DJP;0;CONGE
28-02-20 07:00;28-02-20 23:45;COL;0;Congés annuels
28-02-20 08:45;28-02-20 09:15;DJP;13220;
28-02-20 09:00;28-02-20 10:00;DANA;0;ABSCENCE
28-02-20 09:00;28-02-20 17:00;LEVP;0;ABSCENCE
28-02-20 10:00;28-02-20 10:45;DANA;7038;
28-02-20 10:45;28-02-20 11:22;DANA;15714;
28-02-20 11:15;28-02-20 11:45;DANA;6620;
28-02-20 11:45;28-02-20 12:30;DANA;7207;
28-02-20 13:30;28-02-20 14:00;DANA;14443;
28-02-20 14:00;28-02-20 14:30;DANA;10106;
28-02-20 14:30;28-02-20 15:00;DANA;9759;
28-02-20 15:00;28-02-20 16:00;DANA;15040;
28-02-20 16:00;28-02-20 16:45;DANA;14542;
28-02-20 16:45;28-02-20 17:15;DANA;5944;
28-02-20 17:15;28-02-20 17:30;DANA;5942;
02-03-20 09:00;02-03-20 09:30;LEVP;11637;
02-03-20 09:15;02-03-20 10:00;COL;11779;
02-03-20 09:30;02-03-20 10:00;LEVP;10754;
02-03-20 10:00;02-03-20 10:30;LEVP;5514;
02-03-20 10:00;02-03-20 10:30;COL;13438;
02-03-20 10:30;02-03-20 11:15;LEVP;16203;
02-03-20 10:30;02-03-20 11:00;COL;16303;
02-03-20 11:00;02-03-20 11:30;COL;13809;
02-03-20 11:15;02-03-20 12:00;LEVP;13478;
02-03-20 11:30;02-03-20 12:15;COL;14869;
02-03-20 12:00;02-03-20 13:00;LEVP;0;ABSCENCE
02-03-20 14:00;02-03-20 14:15;DJP;16205;
02-03-20 14:00;02-03-20 14:30;LEVP;5675;
02-03-20 14:30;02-03-20 15:00;DJP;3995;
02-03-20 14:30;02-03-20 15:00;LEVP;5497;
02-03-20 15:00;02-03-20 15:30;DJP;15788;
02-03-20 15:00;02-03-20 15:30;LEVP;5197;
02-03-20 15:30;02-03-20 16:00;DJP;16223;
02-03-20 16:00;02-03-20 17:00;LEVP;5127;
02-03-20 16:00;02-03-20 16:30;DJP;16092;
02-03-20 16:30;02-03-20 17:00;DJP;13651;
02-03-20 17:00;02-03-20 17:30;DJP;15288;
02-03-20 17:30;02-03-20 19:30;LEVP;0;ABSCENCE
02-03-20 17:30;02-03-20 18:00;DJP;15955;
03-03-20 08:45;03-03-20 09:30;DANA;14084;
03-03-20 09:00;03-03-20 09:30;PAA;13432;
03-03-20 09:15;03-03-20 09:30;COL;11207;
03-03-20 09:30;03-03-20 10:15;DANA;9488;
03-03-20 09:30;03-03-20 10:00;COL;6083;
03-03-20 09:45;03-03-20 10:00;PAA;11207;
03-03-20 10:00;03-03-20 10:30;COL;6510;
03-03-20 10:00;03-03-20 10:15;PAA;15080;
03-03-20 10:15;03-03-20 11:00;DANA;11260;
03-03-20 10:15;03-03-20 11:15;PAA;16122;
03-03-20 10:30;03-03-20 11:00;COL;14696;
03-03-20 11:00;03-03-20 12:00;COL;16135;
03-03-20 11:00;03-03-20 11:45;DANA;15631;
03-03-20 11:15;03-03-20 11:30;PAA;13931;
03-03-20 11:30;03-03-20 12:00;PAA;13792;
03-03-20 12:00;03-03-20 12:45;COL;16069;
03-03-20 12:00;03-03-20 12:15;PAA;13711;
03-03-20 12:15;03-03-20 12:30;PAA;12192;
03-03-20 12:30;03-03-20 13:00;PAA;10767;
03-03-20 12:45;03-03-20 13:15;LEVP;0;ABSCENCE
03-03-20 12:45;03-03-20 13:30;COL;7194;
03-03-20 13:45;03-03-20 14:00;LEVP;5558;
03-03-20 13:45;03-03-20 14:30;DANA;15737;
03-03-20 14:00;03-03-20 14:30;COL;16287;
03-03-20 14:30;03-03-20 15:15;DANA;7419;
03-03-20 14:30;03-03-20 15:00;COL;16193;
03-03-20 15:00;03-03-20 15:30;COL;16042;
03-03-20 15:15;03-03-20 16:00;DANA;13705;
03-03-20 15:30;03-03-20 16:00;COL;16304;
03-03-20 16:00;03-03-20 16:15;COL;12203;
03-03-20 16:00;03-03-20 16:45;DANA;14668;
03-03-20 16:15;03-03-20 16:30;COL;12808;
03-03-20 16:30;03-03-20 16:45;COL;11207;
03-03-20 16:45;03-03-20 17:00;COL;13968;
03-03-20 16:45;03-03-20 17:15;DANA;15878;
03-03-20 17:00;03-03-20 17:30;COL;16158;
03-03-20 17:15;03-03-20 18:00;DANA;7425;
04-03-20 09:00;04-03-20 09:30;LEVP;14432;
04-03-20 09:00;04-03-20 09:15;PAA;15116;
04-03-20 09:15;04-03-20 09:30;PAA;14036;
04-03-20 09:30;04-03-20 10:00;LEVP;14270;
04-03-20 09:30;04-03-20 10:30;PAA;14337;
04-03-20 10:30;04-03-20 11:15;PAA;14918;
04-03-20 11:15;04-03-20 12:00;PAA;11324;
04-03-20 12:00;04-03-20 12:30;PAA;13702;
04-03-20 13:00;04-03-20 13:07;LEVP;13159;
04-03-20 13:15;04-03-20 13:22;LEVP;13160;
04-03-20 13:30;04-03-20 14:00;PAA;13951;
04-03-20 14:00;04-03-20 14:30;PAA;12052;
04-03-20 14:15;04-03-20 14:30;LEVP;10721;
04-03-20 14:30;04-03-20 15:00;PAA;6667;
04-03-20 14:30;04-03-20 14:45;LEVP;14315;
04-03-20 15:00;04-03-20 15:30;PAA;14901;
04-03-20 15:30;04-03-20 16:00;PAA;14903;
04-03-20 16:00;04-03-20 16:30;PAA;14842;
04-03-20 16:00;04-03-20 16:15;LEVP;6975;
04-03-20 16:15;04-03-20 16:30;LEVP;0;ABSCENCE
04-03-20 16:30;04-03-20 17:00;PAA;15220;
04-03-20 16:30;04-03-20 16:45;LEVP;9903;
04-03-20 16:45;04-03-20 17:07;LEVP;14346;
04-03-20 17:00;04-03-20 17:30;PAA;9277;
04-03-20 17:00;04-03-20 17:45;LEVP;13158;
04-03-20 17:45;04-03-20 18:00;LEVP;0;stop
05-03-20 08:45;05-03-20 09:30;DJP;16282;
05-03-20 09:30;05-03-20 10:00;DJP;16277;
05-03-20 10:00;05-03-20 10:30;DJP;15244;
05-03-20 10:30;05-03-20 11:00;DJP;938;
05-03-20 11:00;05-03-20 11:30;DJP;10526;
05-03-20 11:30;05-03-20 12:00;DJP;16147;
05-03-20 12:00;05-03-20 13:00;DJP;0;Délégué
05-03-20 12:45;05-03-20 14:00;LEVP;5194;
05-03-20 14:00;05-03-20 14:30;DJP;13252;
05-03-20 14:30;05-03-20 15:15;DJP;15899;
05-03-20 15:15;05-03-20 15:45;DJP;16223;
05-03-20 15:45;05-03-20 16:30;DJP;13187;
05-03-20 16:30;05-03-20 17:15;LEVP;5350;
05-03-20 16:30;05-03-20 16:45;DJP;7645;
05-03-20 16:45;05-03-20 17:30;DJP;16251;
05-03-20 17:15;05-03-20 17:30;LEVP;0;ABSCENCE
06-03-20 08:45;06-03-20 09:30;DJP;0;ABSCENCE
06-03-20 09:00;06-03-20 10:00;DANA;0;ABSCENCE
06-03-20 09:15;06-03-20 09:45;COL;13326;
06-03-20 09:30;06-03-20 10:00;DJP;13165;
06-03-20 09:45;06-03-20 10:45;COL;11628;
06-03-20 10:00;06-03-20 10:30;DANA;15888;
06-03-20 10:00;06-03-20 10:30;DJP;15788;
06-03-20 10:30;06-03-20 11:00;DJP;16110;
06-03-20 10:30;06-03-20 11:00;DANA;15714;
06-03-20 10:45;06-03-20 11:15;COL;13706;
06-03-20 11:00;06-03-20 11:30;DJP;16281;
06-03-20 11:00;06-03-20 12:00;DANA;15839;
06-03-20 11:15;06-03-20 11:45;COL;16276;
06-03-20 11:30;06-03-20 11:45;DJP;15779;
06-03-20 11:45;06-03-20 12:00;DJP;16205;
06-03-20 11:45;06-03-20 12:15;COL;13125;
06-03-20 12:15;06-03-20 12:45;COL;13534;
06-03-20 12:45;06-03-20 13:15;COL;16309;
06-03-20 13:30;06-03-20 14:00;DANA;6899;
06-03-20 13:45;06-03-20 14:45;COL;16227;
06-03-20 14:00;06-03-20 14:45;DANA;7207;
06-03-20 14:45;06-03-20 15:30;DANA;11330;
06-03-20 14:45;06-03-20 15:30;COL;15017;
06-03-20 15:30;06-03-20 16:00;DANA;9969;
06-03-20 15:30;06-03-20 16:15;COL;16127;
06-03-20 16:00;06-03-20 16:30;DANA;10346;
06-03-20 16:15;06-03-20 16:30;COL;15241;
06-03-20 16:30;06-03-20 17:00;DANA;9375;
06-03-20 16:30;06-03-20 16:45;COL;15561;
06-03-20 16:45;06-03-20 17:00;COL;14473;
06-03-20 17:00;06-03-20 17:30;COL;14023;
06-03-20 17:00;06-03-20 17:30;DANA;10144;
09-03-20 09:00;09-03-20 09:30;LEVP;14462;
09-03-20 09:15;09-03-20 09:30;COL;14007;
09-03-20 09:15;09-03-20 11:15;COL;13509;
09-03-20 09:30;09-03-20 10:00;LEVP;14475;
09-03-20 10:00;09-03-20 10:30;LEVP;8071;
09-03-20 10:30;09-03-20 11:15;LEVP;16183;
09-03-20 11:15;09-03-20 12:00;LEVP;16203;
09-03-20 12:00;09-03-20 13:00;LEVP;0;ABSCENCE
09-03-20 13:30;09-03-20 14:00;LEVP;6027;
09-03-20 14:00;09-03-20 14:30;LEVP;14601;
09-03-20 14:00;09-03-20 14:30;DJP;16263;
09-03-20 14:30;09-03-20 15:00;DJP;3995;
09-03-20 15:00;09-03-20 15:30;DJP;15243;
09-03-20 15:30;09-03-20 15:45;DJP;15634;
09-03-20 15:45;09-03-20 16:30;DJP;16223;
09-03-20 16:30;09-03-20 17:00;DJP;16092;
09-03-20 17:00;09-03-20 17:30;DJP;15955;
09-03-20 17:15;09-03-20 17:45;LEVP;16175;
09-03-20 17:30;09-03-20 18:00;DJP;14419;
09-03-20 17:45;09-03-20 17:52;LEVP;0;ABSCENCE
10-03-20 08:30;10-03-20 09:15;DANA;11900;
10-03-20 09:00;10-03-20 09:30;PAA;13890;
10-03-20 09:15;10-03-20 09:30;COL;14007;
10-03-20 09:15;10-03-20 09:45;DANA;13742;
10-03-20 09:15;10-03-20 10:00;COL;14938;
10-03-20 09:30;10-03-20 10:00;PAA;14130;
10-03-20 09:45;10-03-20 10:30;DANA;6846;
10-03-20 10:00;10-03-20 10:30;COL;14710;
10-03-20 10:30;10-03-20 11:15;DANA;15312;
10-03-20 10:30;10-03-20 11:00;COL;14696;
10-03-20 11:00;10-03-20 11:45;PAA;15115;
10-03-20 11:00;10-03-20 11:30;COL;16305;
10-03-20 11:15;10-03-20 11:45;DANA;7348;
10-03-20 11:30;10-03-20 12:00;COL;11501;
10-03-20 11:45;10-03-20 12:00;PAA;16278;
10-03-20 12:00;10-03-20 12:45;COL;16069;
10-03-20 12:00;10-03-20 12:15;PAA;13950;
10-03-20 12:30;10-03-20 13:00;PAA;10705;
10-03-20 12:45;10-03-20 13:15;COL;0;ABSCENCE
10-03-20 13:00;10-03-20 13:30;DANA;7207;
10-03-20 13:00;10-03-20 13:15;LEVP;0;ABSCENCE
10-03-20 13:15;10-03-20 14:00;COL;3263;
10-03-20 13:30;10-03-20 14:15;DANA;11260;
10-03-20 14:00;10-03-20 14:30;COL;12718;
10-03-20 14:15;10-03-20 15:00;DANA;8584;
10-03-20 14:30;10-03-20 15:00;COL;16193;
10-03-20 15:00;10-03-20 15:30;DANA;7371;
10-03-20 15:00;10-03-20 15:45;COL;15950;
10-03-20 15:30;10-03-20 16:00;DANA;8636;
10-03-20 16:00;10-03-20 16:30;DANA;10413;
10-03-20 16:00;10-03-20 16:15;COL;13772;
10-03-20 16:15;10-03-20 16:30;COL;13771;
10-03-20 16:30;10-03-20 17:00;DANA;9618;
10-03-20 16:30;10-03-20 16:45;COL;15889;
10-03-20 16:45;10-03-20 17:00;COL;12570;
10-03-20 17:00;10-03-20 17:15;COL;12263;
10-03-20 17:00;10-03-20 18:00;DANA;16105;
10-03-20 17:15;10-03-20 17:30;COL;12571;
11-03-20 09:00;11-03-20 09:45;PAA;10767;
11-03-20 09:45;11-03-20 10:30;PAA;14843;
11-03-20 10:30;11-03-20 11:15;PAA;15261;
11-03-20 11:00;11-03-20 12:00;LEVP;2069;
11-03-20 11:30;11-03-20 12:30;PAA;14439;
11-03-20 13:00;11-03-20 13:30;LEVP;0;ABSCENCE
11-03-20 13:30;11-03-20 13:45;LEVP;14078;
11-03-20 13:30;11-03-20 14:00;PAA;16084;
11-03-20 14:00;11-03-20 14:15;LEVP;15073;
11-03-20 14:00;11-03-20 14:30;PAA;14920;
11-03-20 14:30;11-03-20 15:00;PAA;9627;
11-03-20 15:00;11-03-20 15:30;PAA;15005;
11-03-20 15:30;11-03-20 16:00;PAA;14547;
11-03-20 16:00;11-03-20 16:15;PAA;14548;
11-03-20 16:00;11-03-20 16:15;LEVP;15164;
11-03-20 16:15;11-03-20 16:45;PAA;13841;
11-03-20 16:15;11-03-20 16:45;LEVP;5460;
11-03-20 16:45;11-03-20 17:00;PAA;13953;
11-03-20 17:00;11-03-20 17:15;LEVP;16108;
11-03-20 17:15;11-03-20 17:52;LEVP;16107;
12-03-20 09:00;12-03-20 09:30;DJP;13731;
12-03-20 09:30;12-03-20 10:00;DJP;13165;
12-03-20 10:00;12-03-20 10:30;DJP;11190;
12-03-20 10:30;12-03-20 11:00;DJP;14558;
12-03-20 11:00;12-03-20 11:30;DJP;16147;
12-03-20 11:30;12-03-20 12:00;LEVP;5194;
12-03-20 11:30;12-03-20 12:00;DJP;16277;
12-03-20 12:00;12-03-20 12:30;DJP;3272;
12-03-20 13:00;12-03-20 13:30;LEVP;13917;
12-03-20 14:00;12-03-20 14:30;DJP;16263;
12-03-20 14:30;12-03-20 15:00;DJP;15899;
12-03-20 15:00;12-03-20 15:45;DJP;880;
12-03-20 15:45;12-03-20 16:30;DJP;13187;
12-03-20 16:30;12-03-20 17:15;DJP;16251;
12-03-20 17:15;12-03-20 17:30;LEVP;0;ABSCENCE
13-03-20 09:00;13-03-20 09:30;DJP;16299;
13-03-20 09:00;13-03-20 17:00;DANA;0;ABSCENCE
13-03-20 09:15;13-03-20 10:45;COL;12220;
13-03-20 09:30;13-03-20 10:00;DJP;16300;
13-03-20 10:00;13-03-20 10:30;DJP;10913;
13-03-20 10:30;13-03-20 11:15;DJP;16094;
13-03-20 10:45;13-03-20 11:15;COL;15955;
13-03-20 11:15;13-03-20 12:00;COL;13334;
13-03-20 11:30;13-03-20 12:00;DJP;2245;
13-03-20 12:00;13-03-20 12:45;COL;13019;
13-03-20 12:45;13-03-20 13:15;COL;15769;
13-03-20 13:45;13-03-20 14:15;COL;14186;
13-03-20 14:15;13-03-20 14:45;COL;15993;
13-03-20 14:45;13-03-20 15:30;COL;15017;
13-03-20 15:30;13-03-20 16:15;COL;16127;
13-03-20 16:15;13-03-20 16:30;COL;15545;
13-03-20 16:30;13-03-20 16:45;COL;12044;
13-03-20 16:45;13-03-20 17:00;COL;12603;
13-03-20 17:00;13-03-20 17:30;COL;16158;
16-03-20 09:00;16-03-20 17:00;LEVP;0;ABSCENCE
16-03-20 10:00;16-03-20 10:45;COL;16096;
16-03-20 10:00;16-03-20 10:30;LEVP;5180;
16-03-20 14:00;16-03-20 14:15;DJP;108;
16-03-20 14:15;16-03-20 14:30;DJP;16147;
16-03-20 14:30;16-03-20 15:00;DJP;3995;
16-03-20 15:00;16-03-20 15:30;DJP;14721;
16-03-20 15:30;16-03-20 16:00;DJP;0;simonis
16-03-20 16:00;16-03-20 16:15;DJP;15725;
16-03-20 16:15;16-03-20 16:45;DJP;16092;
16-03-20 16:45;16-03-20 17:15;DJP;482;
16-03-20 17:15;16-03-20 18:00;DJP;7601;
17-03-20 08:30;17-03-20 16:30;DANA;0;ABSCENCE
17-03-20 09:15;17-03-20 09:30;PAA;13779;
17-03-20 09:15;17-03-20 10:30;COL;13509;
17-03-20 09:30;17-03-20 10:00;PAA;15232;
17-03-20 10:00;17-03-20 11:00;PAA;16083;
17-03-20 10:30;17-03-20 11:00;COL;14696;
17-03-20 11:00;17-03-20 11:30;COL;16306;
17-03-20 11:00;17-03-20 11:15;PAA;15178;
17-03-20 11:30;17-03-20 12:00;PAA;13970;
17-03-20 11:30;17-03-20 12:00;COL;15465;
17-03-20 12:00;17-03-20 12:30;COL;16046;
17-03-20 12:30;17-03-20 13:15;COL;11755;
17-03-20 14:00;17-03-20 14:30;COL;11393;
17-03-20 14:30;17-03-20 15:00;COL;16193;
17-03-20 15:00;17-03-20 15:30;COL;11026;
17-03-20 15:30;17-03-20 15:45;COL;13219;
17-03-20 15:45;17-03-20 16:15;COL;15774;
17-03-20 16:15;17-03-20 16:30;COL;12896;
17-03-20 16:30;17-03-20 16:45;COL;13317;
17-03-20 16:45;17-03-20 17:30;COL;15959;
18-03-20 08:30;18-03-20 16:30;LEVP;0;ABSCENCE
18-03-20 09:00;18-03-20 09:30;PAA;16088;
18-03-20 09:00;18-03-20 09:30;LEVP;9828;
18-03-20 10:00;18-03-20 10:30;PAA;15175;
18-03-20 10:30;18-03-20 11:00;PAA;15954;
18-03-20 11:00;18-03-20 12:00;PAA;15965;
18-03-20 12:15;18-03-20 12:30;PAA;15006;
18-03-20 13:30;18-03-20 14:00;PAA;10767;
18-03-20 13:30;18-03-20 13:45;LEVP;12365;
18-03-20 13:45;18-03-20 14:15;LEVP;11196;
18-03-20 14:00;18-03-20 14:30;PAA;6541;
18-03-20 14:30;18-03-20 15:00;PAA;10150;
18-03-20 15:00;18-03-20 15:30;PAA;9384;
18-03-20 15:30;18-03-20 16:00;PAA;14511;
18-03-20 16:00;18-03-20 16:30;PAA;14080;
18-03-20 16:30;18-03-20 17:00;PAA;14422;
18-03-20 17:00;18-03-20 17:30;PAA;14483;
19-03-20 08:30;19-03-20 16:30;LEVP;0;ABSCENCE
19-03-20 08:45;19-03-20 09:30;DJP;11134;
19-03-20 09:30;19-03-20 10:00;DJP;15634;
19-03-20 10:00;19-03-20 10:15;DJP;12324;
19-03-20 10:15;19-03-20 11:00;DJP;11190;
19-03-20 11:00;19-03-20 11:30;DJP;16147;
19-03-20 11:30;19-03-20 12:00;DJP;15830;
19-03-20 12:00;19-03-20 12:30;LEVP;0;délégué
19-03-20 12:00;19-03-20 12:45;DJP;0;délégué
19-03-20 14:00;19-03-20 14:30;DJP;15151;
19-03-20 14:30;19-03-20 15:00;DJP;4630;
19-03-20 15:00;19-03-20 15:30;DJP;1044;
19-03-20 15:30;19-03-20 15:45;DJP;3751;
19-03-20 16:00;19-03-20 16:30;DJP;51;
19-03-20 16:30;19-03-20 17:00;DJP;8622;
19-03-20 17:00;19-03-20 17:30;DJP;15205;
20-03-20 07:00;20-03-20 23:45;COL;0;ABSCENCE
20-03-20 08:45;20-03-20 09:30;DJP;0;ABSCENCE
20-03-20 09:00;20-03-20 18:15;DANA;0;ABSCENCE
20-03-20 09:30;20-03-20 10:15;DJP;16263;
20-03-20 10:15;20-03-20 11:00;DJP;569;
20-03-20 11:00;20-03-20 11:30;DJP;2992;
20-03-20 11:30;20-03-20 12:00;DJP;2993;
20-03-20 12:00;20-03-20 12:30;COL;12291;
20-03-20 16:30;20-03-20 16:45;COL;11070;
20-03-20 16:45;20-03-20 17:00;COL;11069;
20-03-20 17:00;20-03-20 17:15;COL;10977;
20-03-20 17:15;20-03-20 17:30;COL;13350;
23-03-20 09:00;23-03-20 09:30;LEVP;12060;
23-03-20 09:30;23-03-20 10:00;LEVP;5353;
23-03-20 10:00;23-03-20 10:30;LEVP;14260;
23-03-20 11:30;23-03-20 12:00;LEVP;5377;
23-03-20 12:00;23-03-20 13:00;LEVP;0;ABSCENCE
23-03-20 13:00;23-03-20 13:30;LEVP;3671;
23-03-20 14:00;23-03-20 14:30;DJP;15566;
23-03-20 14:30;23-03-20 15:00;DJP;3995;
23-03-20 15:00;23-03-20 16:00;DJP;3876;
23-03-20 16:00;23-03-20 16:30;DJP;12872;
23-03-20 16:30;23-03-20 17:00;DJP;14721;
23-03-20 17:00;23-03-20 17:30;DJP;15782;
23-03-20 17:15;23-03-20 18:00;LEVP;2063;
23-03-20 17:30;23-03-20 18:00;DJP;12430;
24-03-20 08:30;24-03-20 09:00;DANA;9778;
24-03-20 09:00;24-03-20 13:00;PAA;10339;
24-03-20 09:15;24-03-20 10:30;COL;13509;
24-03-20 09:30;24-03-20 10:00;DANA;5938;
24-03-20 10:00;24-03-20 10:15;DANA;15828;
24-03-20 10:15;24-03-20 12:00;DANA;2183;
24-03-20 10:30;24-03-20 11:00;COL;14696;
24-03-20 11:00;24-03-20 11:15;COL;13434;
24-03-20 11:15;24-03-20 11:30;COL;13890;
24-03-20 11:30;24-03-20 12:15;COL;16228;
24-03-20 13:30;24-03-20 14:15;DANA;11260;
24-03-20 14:15;24-03-20 15:00;DANA;15730;
24-03-20 14:30;24-03-20 15:00;COL;16193;
24-03-20 15:00;24-03-20 15:30;DANA;15401;
24-03-20 15:00;24-03-20 15:45;COL;12123;
24-03-20 15:30;24-03-20 16:00;DANA;11330;
24-03-20 15:45;24-03-20 16:30;COL;12965;
24-03-20 16:00;24-03-20 16:45;DANA;9371;
24-03-20 16:30;24-03-20 16:45;COL;14190;
24-03-20 16:45;24-03-20 17:15;DANA;14815;
24-03-20 16:45;24-03-20 17:30;COL;15959;
24-03-20 17:15;24-03-20 18:00;DANA;8587;
25-03-20 09:00;25-03-20 09:15;PAA;15978;
25-03-20 10:00;25-03-20 11:00;PAA;10932;
25-03-20 11:00;25-03-20 11:30;PAA;16188;
25-03-20 11:30;25-03-20 12:00;PAA;15006;
25-03-20 11:30;25-03-20 12:00;LEVP;5148;
25-03-20 12:00;25-03-20 12:30;PAA;16258;
25-03-20 13:30;25-03-20 14:00;PAA;15313;
25-03-20 14:00;25-03-20 14:30;PAA;11198;
25-03-20 14:30;25-03-20 15:00;PAA;10144;
25-03-20 15:00;25-03-20 15:30;PAA;14598;
25-03-20 15:30;25-03-20 16:00;PAA;14023;
25-03-20 16:00;25-03-20 16:30;PAA;10339;
25-03-20 16:30;25-03-20 17:00;PAA;14458;
25-03-20 17:00;25-03-20 17:30;PAA;14665;
26-03-20 08:45;26-03-20 09:30;DJP;8933;
26-03-20 09:30;26-03-20 10:15;DJP;11190;
26-03-20 10:15;26-03-20 10:45;DJP;16291;
26-03-20 10:45;26-03-20 11:30;DJP;15858;
26-03-20 11:30;26-03-20 12:00;DJP;10853;
26-03-20 11:30;26-03-20 12:00;LEVP;5194;
26-03-20 14:00;26-03-20 14:30;DJP;16308;
26-03-20 14:30;26-03-20 15:15;DJP;16129;
26-03-20 15:15;26-03-20 16:00;DJP;12471;
26-03-20 16:00;26-03-20 16:30;DJP;11636;
26-03-20 16:30;26-03-20 17:00;DJP;15205;
26-03-20 17:00;26-03-20 17:30;DJP;8578;
27-03-20 09:00;27-03-20 09:45;DJP;76;
27-03-20 09:00;27-03-20 10:00;DANA;0;ABSCENCE
27-03-20 09:15;27-03-20 09:45;COL;15936;
27-03-20 09:45;27-03-20 10:15;DJP;6316;
27-03-20 09:45;27-03-20 10:30;COL;14007;
27-03-20 10:00;27-03-20 10:45;DANA;1762;
27-03-20 10:15;27-03-20 10:45;DJP;1456;
27-03-20 10:45;27-03-20 11:15;DJP;5689;
27-03-20 12:00;27-03-20 13:30;PAA;13611;
27-03-20 12:00;27-03-20 13:30;LEVP;0;ABSCENCE
27-03-20 12:00;27-03-20 13:30;COL;13611;
27-03-20 12:00;27-03-20 13:30;DJP;13611;
27-03-20 12:00;27-03-20 13:30;DANA;0;REUNION
27-03-20 14:00;27-03-20 14:45;COL;11453;
27-03-20 15:30;27-03-20 16:15;DANA;14980;
27-03-20 15:45;27-03-20 16:00;COL;12963;
27-03-20 16:00;27-03-20 16:15;COL;11198;
27-03-20 16:15;27-03-20 17:00;DANA;12332;
27-03-20 16:45;27-03-20 17:30;COL;12276;
27-03-20 17:00;27-03-20 17:30;DANA;10555;
28-03-20 07:00;28-03-20 23:45;COL;0;Congés annuels
30-03-20 07:00;30-03-20 23:45;COL;0;Congés annuels
30-03-20 13:00;30-03-20 13:30;LEVP;5670;
30-03-20 14:00;30-03-20 14:45;DJP;8908;
30-03-20 14:45;30-03-20 15:00;DJP;7317;
30-03-20 15:00;30-03-20 15:15;DJP;3995;
30-03-20 15:30;30-03-20 16:00;DJP;13840;
30-03-20 16:00;30-03-20 16:30;DJP;16263;
30-03-20 16:30;30-03-20 17:00;DJP;12247;
30-03-20 17:00;30-03-20 17:30;DJP;14721;
30-03-20 17:30;30-03-20 18:00;DJP;7601;
31-03-20 07:00;31-03-20 23:45;COL;0;Congés annuels
31-03-20 08:30;31-03-20 09:15;DANA;6628;
31-03-20 09:15;31-03-20 10:00;DANA;6064;
31-03-20 09:15;31-03-20 09:45;COL;5023;
31-03-20 10:00;31-03-20 11:00;PAA;10703;
31-03-20 10:00;31-03-20 10:30;DANA;10668;
31-03-20 10:30;31-03-20 11:15;DANA;8623;
31-03-20 11:15;31-03-20 12:00;DANA;11260;
31-03-20 13:30;31-03-20 15:00;DANA;2183;
31-03-20 16:00;31-03-20 16:15;COL;15810;
31-03-20 17:15;31-03-20 18:00;DANA;8252;
01-04-20 09:00;01-04-20 09:15;PAA;12802;
01-04-20 09:15;01-04-20 10:00;PAA;11324;
01-04-20 10:00;01-04-20 11:00;PAA;13771;
01-04-20 11:00;01-04-20 12:00;PAA;7857;
01-04-20 13:30;01-04-20 14:00;PAA;15229;
01-04-20 13:30;01-04-20 13:37;LEVP;12956;
01-04-20 14:00;01-04-20 14:30;PAA;15165;
01-04-20 14:30;01-04-20 15:00;PAA;16122;
01-04-20 15:00;01-04-20 15:30;PAA;4839;
01-04-20 16:00;01-04-20 16:30;PAA;14595;
01-04-20 16:30;01-04-20 17:00;PAA;14984;
01-04-20 17:00;01-04-20 17:30;PAA;13701;
02-04-20 08:45;02-04-20 09:30;DJP;11134;
02-04-20 10:00;02-04-20 10:30;DJP;14069;
02-04-20 10:30;02-04-20 11:15;DJP;8292;
02-04-20 11:30;02-04-20 12:00;LEVP;5194;
02-04-20 14:00;02-04-20 14:45;DJP;16129;
02-04-20 15:30;02-04-20 16:00;DJP;14109;
02-04-20 16:00;02-04-20 16:30;DJP;11636;
02-04-20 16:30;02-04-20 17:00;DJP;15205;
03-04-20 07:00;03-04-20 23:45;COL;0;Congés annuels
03-04-20 08:45;03-04-20 09:30;DJP;0;ABSCENCE
03-04-20 09:00;03-04-20 10:00;DANA;0;ABSCENCE
03-04-20 09:30;03-04-20 10:00;DJP;76;
03-04-20 10:00;03-04-20 10:30;DJP;16263;
03-04-20 10:30;03-04-20 11:15;DJP;16129;
03-04-20 16:45;03-04-20 17:30;DANA;9596;
03-04-20 17:00;03-04-20 17:15;COL;15645;
03-04-20 17:15;03-04-20 17:30;COL;15646;
06-04-20 08:00;06-04-20 08:15;COL;0;Congés annuels
06-04-20 08:15;06-04-20 08:45;LEVP;0;ABSCENCE
06-04-20 14:00;06-04-20 14:15;LEVP;12600;
06-04-20 14:00;06-04-20 14:15;DJP;16263;
06-04-20 14:15;06-04-20 15:15;DJP;3876;
06-04-20 14:15;06-04-20 14:30;LEVP;13749;
06-04-20 15:15;06-04-20 15:45;DJP;8292;
06-04-20 15:45;06-04-20 16:15;DJP;1112;
06-04-20 16:30;06-04-20 17:00;DJP;13676;
07-04-20 08:00;07-04-20 08:15;DANA;0;ABSCENCE
07-04-20 08:30;07-04-20 09:15;DANA;7039;
07-04-20 09:00;07-04-20 19:00;PAA;10339;
07-04-20 09:15;07-04-20 09:45;COL;8009;
07-04-20 09:15;07-04-20 10:00;DANA;14082;
07-04-20 09:45;07-04-20 10:15;COL;11996;
07-04-20 10:00;07-04-20 10:45;DANA;14999;
07-04-20 10:15;07-04-20 10:45;COL;8027;
07-04-20 10:45;07-04-20 11:00;COL;14791;
07-04-20 10:45;07-04-20 11:30;DANA;14032;
07-04-20 11:00;07-04-20 11:15;COL;11735;
07-04-20 11:15;07-04-20 11:45;COL;12008;
07-04-20 11:30;07-04-20 12:15;DANA;13458;
07-04-20 11:45;07-04-20 12:00;COL;12135;
07-04-20 13:30;07-04-20 14:00;DANA;13231;
07-04-20 14:00;07-04-20 14:30;DANA;15905;
07-04-20 14:30;07-04-20 15:00;DANA;14026;
07-04-20 15:00;07-04-20 15:30;DANA;14750;
07-04-20 15:30;07-04-20 16:15;DANA;11260;
07-04-20 16:45;07-04-20 17:15;DANA;8606;
07-04-20 16:45;07-04-20 17:30;COL;12276;
07-04-20 17:15;07-04-20 18:00;DANA;877;
08-04-20 09:00;08-04-20 17:30;PAA;10339;
09-04-20 08:45;09-04-20 09:30;DJP;739;
09-04-20 10:00;09-04-20 10:30;LEVP;2359;
09-04-20 14:00;09-04-20 14:30;DJP;9561;
09-04-20 14:30;09-04-20 14:45;DJP;11930;
09-04-20 14:45;09-04-20 15:00;DJP;11931;
09-04-20 16:45;09-04-20 17:30;LEVP;5107;
10-04-20 08:45;10-04-20 09:30;DJP;0;ABSCENCE
10-04-20 09:15;10-04-20 10:00;COL;14007;
10-04-20 09:30;10-04-20 10:45;DANA;2183;
10-04-20 10:45;10-04-20 11:15;DANA;9361;
10-04-20 11:15;10-04-20 11:30;DANA;6829;
10-04-20 11:30;10-04-20 12:30;DANA;4584;
10-04-20 13:30;10-04-20 14:00;DANA;10235;
10-04-20 13:45;10-04-20 14:15;COL;15538;
10-04-20 14:00;10-04-20 14:30;DANA;11702;
10-04-20 14:30;10-04-20 15:00;DANA;13370;
10-04-20 15:00;10-04-20 15:30;DANA;12894;
10-04-20 16:45;10-04-20 17:30;DANA;11033;
10-04-20 17:00;10-04-20 17:30;COL;15559;
13-04-20 08:00;13-04-20 17:30;COL;0;ABSCENCE
13-04-20 08:00;13-04-20 18:30;DJP;0;ABSCENCE
13-04-20 08:15;13-04-20 08:45;LEVP;0;ABSCENCE
13-04-20 09:00;13-04-20 17:00;LEVP;0;ABSCENCE
13-04-20 09:00;13-04-20 16:30;LEVP;0;ABSCENCE
14-04-20 07:00;14-04-20 23:45;COL;0;ABSCENCE
14-04-20 08:00;14-04-20 08:15;DANA;0;ABSCENCE
14-04-20 09:00;14-04-20 19:00;PAA;10339;
14-04-20 09:15;14-04-20 09:45;COL;13168;
14-04-20 09:45;14-04-20 10:15;COL;8179;
14-04-20 11:00;14-04-20 11:45;DANA;11260;
14-04-20 13:30;14-04-20 14:15;DANA;13009;
14-04-20 14:15;14-04-20 15:00;DANA;8034;
14-04-20 14:30;14-04-20 15:00;COL;14620;
14-04-20 15:30;14-04-20 16:00;DANA;14643;
14-04-20 16:00;14-04-20 18:00;DANA;4917;
15-04-20 09:00;15-04-20 17:30;PAA;10339;
15-04-20 09:00;15-04-20 09:15;LEVP;15425;
15-04-20 10:00;15-04-20 10:30;PAA;14080;
15-04-20 11:30;15-04-20 12:00;PAA;13792;
15-04-20 13:00;15-04-20 13:15;LEVP;13613;
15-04-20 13:15;15-04-20 13:30;LEVP;13545;
15-04-20 13:30;15-04-20 14:00;PAA;12052;
15-04-20 13:30;15-04-20 13:45;LEVP;10051;
15-04-20 13:45;15-04-20 14:00;LEVP;13115;
15-04-20 14:00;15-04-20 14:15;LEVP;13656;
15-04-20 14:15;15-04-20 14:22;LEVP;16318;
15-04-20 16:00;15-04-20 16:30;PAA;13841;
15-04-20 16:30;15-04-20 17:00;PAA;11110;
15-04-20 17:00;15-04-20 17:30;PAA;11021;
17-04-20 07:00;17-04-20 23:45;COL;0;Congés annuels
17-04-20 09:30;17-04-20 10:15;DANA;4654;
17-04-20 14:00;17-04-20 14:45;DANA;6029;
20-04-20 10:00;20-04-20 10:30;COL;14869;
20-04-20 14:00;20-04-20 14:30;DJP;4113;
20-04-20 14:30;20-04-20 15:00;LEVP;5126;
20-04-20 14:30;20-04-20 15:00;DJP;3876;
20-04-20 15:00;20-04-20 15:30;DJP;8292;
20-04-20 15:30;20-04-20 16:00;DJP;16129;
20-04-20 16:00;20-04-20 16:30;DJP;14006;
20-04-20 17:30;20-04-20 17:45;LEVP;10533;
20-04-20 17:45;20-04-20 18:00;LEVP;0;ABSCENCE
21-04-20 08:30;21-04-20 09:15;DANA;13714;
21-04-20 09:15;21-04-20 10:00;DANA;13358;
21-04-20 10:00;21-04-20 10:30;COL;9340;
21-04-20 10:00;21-04-20 10:45;DANA;16101;
21-04-20 10:30;21-04-20 11:00;COL;13007;
21-04-20 10:45;21-04-20 11:15;DANA;14409;
21-04-20 11:00;21-04-20 13:00;COL;8329;
21-04-20 11:00;21-04-20 12:00;PAA;16047;
21-04-20 13:30;21-04-20 14:15;DANA;15494;
21-04-20 14:15;21-04-20 15:00;DANA;7095;
21-04-20 15:00;21-04-20 15:30;DANA;13149;
21-04-20 16:00;21-04-20 16:30;DANA;13320;
21-04-20 16:30;21-04-20 16:45;COL;15331;
21-04-20 16:30;21-04-20 17:00;DANA;13204;
21-04-20 16:45;21-04-20 17:00;COL;12862;
21-04-20 17:00;21-04-20 17:30;DANA;13145;
21-04-20 17:00;21-04-20 17:15;COL;12863;
21-04-20 17:15;21-04-20 17:30;COL;14192;
22-04-20 11:00;22-04-20 11:30;LEVP;9453;
22-04-20 11:30;22-04-20 12:30;PAA;14439;
22-04-20 13:30;22-04-20 14:00;PAA;16083;
22-04-20 14:00;22-04-20 14:30;PAA;16084;
23-04-20 08:30;23-04-20 09:00;LEVP;0;ABSCENCE
23-04-20 10:00;23-04-20 10:30;DJP;14700;
23-04-20 14:00;23-04-20 14:37;DJP;16129;
23-04-20 14:00;23-04-20 17:00;LEVP;0;ABSCENCE
24-04-20 08:45;24-04-20 09:30;DJP;0;ABSCENCE
24-04-20 09:00;24-04-20 12:30;DANA;0;ABSCENCE
24-04-20 09:15;24-04-20 10:00;COL;14007;
24-04-20 09:30;24-04-20 10:00;DJP;15955;
24-04-20 10:00;24-04-20 10:30;DANA;14951;
24-04-20 12:45;24-04-20 17:45;LEVP;0;ABSCENCE
24-04-20 13:30;24-04-20 14:15;DANA;9696;
24-04-20 13:45;24-04-20 14:15;COL;13684;
24-04-20 16:00;24-04-20 16:30;COL;13361;
24-04-20 16:00;24-04-20 17:00;DANA;8853;
24-04-20 16:30;24-04-20 17:00;COL;13003;
24-04-20 16:45;24-04-20 17:30;DANA;13114;
24-04-20 17:00;24-04-20 17:30;COL;12969;
27-04-20 09:00;27-04-20 16:45;LEVP;0;ABSCENCE
27-04-20 15:00;27-04-20 15:30;DJP;8292;
28-04-20 09:00;28-04-20 09:30;DANA;15628;
28-04-20 11:00;28-04-20 11:30;COL;12892;
28-04-20 11:30;28-04-20 11:45;COL;11055;
28-04-20 11:45;28-04-20 12:45;COL;8329;
28-04-20 14:00;28-04-20 14:30;COL;11732;
28-04-20 15:30;28-04-20 16:15;DANA;6624;
28-04-20 15:30;28-04-20 16:00;COL;16310;
28-04-20 16:00;28-04-20 16:30;COL;12111;
28-04-20 16:15;28-04-20 16:45;DANA;16314;
28-04-20 16:30;28-04-20 17:00;COL;13744;
28-04-20 16:45;28-04-20 17:15;DANA;13536;
28-04-20 17:00;28-04-20 17:30;COL;12750;
29-04-20 09:00;29-04-20 17:00;LEVP;0;ABSCENCE
29-04-20 12:15;29-04-20 12:30;PAA;14315;
30-04-20 09:00;30-04-20 17:00;LEVP;0;ABSCENCE
30-04-20 14:00;30-04-20 14:45;DJP;16129;
01-05-20 07:00;01-05-20 17:00;LEVP;0;ABSCENCE
01-05-20 07:00;01-05-20 23:45;COL;0;ABSCENCE
01-05-20 08:45;01-05-20 18:45;DJP;0;ABSCENCE
01-05-20 09:00;01-05-20 18:15;DANA;0;ABSCENCE
04-05-20 09:00;04-05-20 12:00;LEVP;0;ABSCENCE
04-05-20 12:00;04-05-20 12:30;LEVP;5173;
04-05-20 15:00;04-05-20 15:30;DJP;8292;
04-05-20 16:00;04-05-20 16:15;LEVP;10323;
04-05-20 16:15;04-05-20 16:30;LEVP;16025;
04-05-20 17:15;04-05-20 17:45;LEVP;14376;
04-05-20 17:45;04-05-20 18:00;LEVP;0;ABSCENCE
05-05-20 08:30;05-05-20 09:15;DANA;7303;
05-05-20 10:00;05-05-20 10:30;DANA;2522;
05-05-20 11:00;05-05-20 11:30;COL;8329;
05-05-20 11:30;05-05-20 12:00;DANA;9611;
05-05-20 12:30;05-05-20 12:45;PAA;14508;
05-05-20 12:45;05-05-20 13:00;PAA;14508;
05-05-20 13:30;05-05-20 14:00;DANA;7954;
05-05-20 14:00;05-05-20 14:45;DANA;13279;
05-05-20 16:00;05-05-20 16:30;DANA;15658;
05-05-20 16:30;05-05-20 17:15;DANA;13201;
05-05-20 17:00;05-05-20 17:30;COL;11581;
05-05-20 17:15;05-05-20 18:00;DANA;13961;
06-05-20 09:00;06-05-20 09:30;LEVP;12010;
06-05-20 11:00;06-05-20 12:00;PAA;7857;
06-05-20 13:00;06-05-20 13:30;LEVP;13215;
06-05-20 13:30;06-05-20 14:00;LEVP;9854;
06-05-20 17:00;06-05-20 17:30;PAA;13701;
06-05-20 17:45;06-05-20 18:00;LEVP;0;ABSCENCE
07-05-20 10:00;07-05-20 10:30;DJP;14779;
07-05-20 14:00;07-05-20 14:15;DJP;8292;
07-05-20 14:15;07-05-20 14:45;DJP;16129;
08-05-20 09:00;08-05-20 10:00;DANA;0;ABSCENCE
08-05-20 10:00;08-05-20 10:15;COL;15917;
08-05-20 10:45;08-05-20 11:30;DANA;12569;
08-05-20 17:00;08-05-20 17:15;COL;15485;
08-05-20 17:00;08-05-20 17:30;DANA;11021;
08-05-20 17:15;08-05-20 17:30;COL;15814;
11-05-20 09:00;11-05-20 09:30;LEVP;5477;
11-05-20 14:00;11-05-20 14:30;DJP;16129;
11-05-20 15:30;11-05-20 16:00;DJP;15477;
11-05-20 16:00;11-05-20 16:30;DJP;14930;
11-05-20 16:30;11-05-20 16:45;DJP;16191;
12-05-20 09:15;12-05-20 09:45;COL;5849;
12-05-20 09:15;12-05-20 10:00;DANA;6024;
12-05-20 10:00;12-05-20 10:45;DANA;9612;
12-05-20 14:30;12-05-20 15:00;DANA;13626;
12-05-20 15:00;12-05-20 15:30;DANA;15687;
12-05-20 16:00;12-05-20 16:30;DANA;14658;
12-05-20 16:45;12-05-20 17:00;COL;15870;
12-05-20 17:00;12-05-20 17:15;DANA;16064;
12-05-20 17:15;12-05-20 18:00;DANA;14449;
13-05-20 10:00;13-05-20 11:00;PAA;13771;
14-05-20 12:00;14-05-20 13:30;LEVP;0;ABSCENCE
14-05-20 12:00;14-05-20 13:30;DANA;13611;
14-05-20 12:00;14-05-20 13:30;DJP;13611;
14-05-20 12:00;14-05-20 13:30;PAA;13611;
14-05-20 12:00;14-05-20 13:30;COL;13611;
14-05-20 14:00;14-05-20 14:15;DJP;8292;
14-05-20 14:15;14-05-20 14:30;DJP;16129;
15-05-20 08:45;15-05-20 09:30;DJP;0;ABSCENCE
15-05-20 09:00;15-05-20 12:30;DANA;0;ABSCENCE
15-05-20 14:00;15-05-20 14:30;DANA;10095;
15-05-20 14:30;15-05-20 15:15;DANA;13105;
15-05-20 15:00;15-05-20 15:30;COL;15993;
15-05-20 15:15;15-05-20 16:00;DANA;9012;
15-05-20 16:00;15-05-20 16:30;DANA;6224;
15-05-20 16:30;15-05-20 17:00;DANA;12846;
15-05-20 16:45;15-05-20 17:00;COL;12279;
15-05-20 17:00;15-05-20 17:15;COL;12280;
15-05-20 17:00;15-05-20 17:30;DANA;9627;
18-05-20 09:00;18-05-20 09:30;LEVP;5603;
18-05-20 11:45;18-05-20 12:15;LEVP;5174;
18-05-20 16:30;18-05-20 17:00;DJP;2556;
19-05-20 09:15;19-05-20 10:00;DANA;10498;
19-05-20 10:00;19-05-20 10:30;DANA;11928;
19-05-20 16:30;19-05-20 16:45;COL;15940;
19-05-20 17:00;19-05-20 18:00;DANA;11105;
20-05-20 16:00;20-05-20 16:15;LEVP;12533;
20-05-20 16:15;20-05-20 16:30;LEVP;12589;
20-05-20 16:30;20-05-20 16:45;LEVP;11810;
20-05-20 17:00;20-05-20 17:15;LEVP;0;ABSCENCE
20-05-20 17:15;20-05-20 17:45;LEVP;5602;
20-05-20 17:45;20-05-20 18:00;LEVP;0;ABSCENCE
22-05-20 09:00;22-05-20 17:45;DANA;0;ABSCENCE
26-05-20 08:30;26-05-20 09:15;DANA;15749;
26-05-20 09:15;26-05-20 09:45;COL;6659;
26-05-20 10:00;26-05-20 10:30;DANA;10806;
26-05-20 11:00;26-05-20 12:00;PAA;16047;
26-05-20 14:15;26-05-20 15:00;DANA;10554;
26-05-20 17:00;26-05-20 17:15;COL;11627;
26-05-20 17:15;26-05-20 17:30;COL;9678;
26-05-20 17:15;26-05-20 17:45;DANA;9751;
26-05-20 17:45;26-05-20 18:00;DANA;11157;
27-05-20 09:00;27-05-20 09:15;PAA;16055;
27-05-20 14:00;27-05-20 14:15;LEVP;14391;
27-05-20 14:15;27-05-20 14:30;LEVP;14390;
27-05-20 17:15;27-05-20 17:45;LEVP;5143;
27-05-20 17:45;27-05-20 18:00;LEVP;0;ABSCENCE
28-05-20 17:00;28-05-20 17:30;DJP;15693;
29-05-20 08:45;29-05-20 09:30;DJP;0;ABSCENCE
29-05-20 09:00;29-05-20 10:00;DANA;0;ABSCENCE
29-05-20 10:00;29-05-20 10:30;DANA;6590;
29-05-20 10:30;29-05-20 11:00;DANA;8121;
29-05-20 13:30;29-05-20 14:00;DANA;12465;
29-05-20 14:00;29-05-20 14:45;COL;15993;
01-06-20 17:00;01-06-20 17:30;DJP;109;
02-06-20 09:15;02-06-20 09:45;COL;14808;
02-06-20 09:15;02-06-20 10:00;DANA;14099;
02-06-20 10:00;02-06-20 10:45;DANA;573;
02-06-20 10:45;02-06-20 11:30;DANA;14307;
02-06-20 15:30;02-06-20 15:45;COL;15787;
02-06-20 15:45;02-06-20 16:00;COL;16235;
02-06-20 16:00;02-06-20 16:15;COL;16236;
05-06-20 08:45;05-06-20 09:30;DJP;0;ABSCENCE
05-06-20 09:00;05-06-20 10:00;DANA;0;ABSCENCE
05-06-20 13:30;05-06-20 14:15;DANA;15403;
05-06-20 14:15;05-06-20 15:00;DANA;9414;
08-06-20 11:00;08-06-20 11:30;LEVP;15747;
08-06-20 14:00;08-06-20 14:30;DJP;4394;
08-06-20 14:30;08-06-20 14:45;DJP;11845;
08-06-20 17:00;08-06-20 17:30;LEVP;0;ABSCENCE
08-06-20 17:30;08-06-20 19:30;LEVP;0;ABSCENCE
09-06-20 09:15;09-06-20 09:45;COL;8859;
09-06-20 09:30;09-06-20 10:15;DANA;7096;
09-06-20 10:00;09-06-20 10:15;PAA;14481;
09-06-20 10:00;09-06-20 10:30;COL;14230;
11-06-20 10:00;11-06-20 10:30;DJP;16095;
12-06-20 09:00;12-06-20 10:00;DANA;0;ABSCENCE
12-06-20 09:30;12-06-20 10:00;DJP;271;
12-06-20 13:30;12-06-20 14:00;DANA;3219;
12-06-20 16:45;12-06-20 17:30;DANA;11662;
15-06-20 13:00;15-06-20 13:30;LEVP;12660;
15-06-20 15:00;15-06-20 15:30;DJP;8178;
16-06-20 09:45;16-06-20 10:30;DANA;14369;
16-06-20 10:30;16-06-20 11:15;DANA;11922;
16-06-20 11:15;16-06-20 12:00;DANA;13513;
16-06-20 16:00;16-06-20 16:15;COL;14627;
17-06-20 10:00;17-06-20 10:30;PAA;16315;
17-06-20 10:30;17-06-20 11:00;PAA;16316;
19-06-20 08:45;19-06-20 09:30;DJP;0;ABSCENCE
19-06-20 09:00;19-06-20 10:00;DANA;0;ABSCENCE
19-06-20 10:00;19-06-20 10:45;DANA;11383;
19-06-20 16:00;19-06-20 16:45;DANA;14633;
19-06-20 16:45;19-06-20 17:15;DANA;11321;
19-06-20 17:15;19-06-20 17:30;DANA;11322;
22-06-20 07:00;22-06-20 23:45;COL;0;Congés annuels
23-06-20 09:15;23-06-20 10:00;DANA;4414;
23-06-20 10:00;23-06-20 10:45;DANA;10254;
23-06-20 10:00;23-06-20 10:15;PAA;16168;
23-06-20 11:00;23-06-20 11:15;PAA;16271;
23-06-20 12:00;23-06-20 13:15;DANA;0;REUNION
23-06-20 12:00;23-06-20 13:30;DJP;13611;
23-06-20 12:00;23-06-20 13:30;LEVP;0;ABSCENCE
23-06-20 12:00;23-06-20 13:30;COL;13611;
23-06-20 12:00;23-06-20 13:30;PAA;10339;
23-06-20 17:00;23-06-20 17:15;COL;13968;
23-06-20 17:15;23-06-20 17:30;COL;11207;
25-06-20 09:00;25-06-20 09:15;COL;0;ABSCENCE
25-06-20 17:00;25-06-20 17:30;DJP;15885;
26-06-20 09:00;26-06-20 10:00;DANA;0;ABSCENCE
26-06-20 09:15;26-06-20 09:45;COL;13209;
26-06-20 14:00;26-06-20 15:00;DANA;6542;
29-06-20 14:00;29-06-20 14:30;DJP;13711;
29-06-20 14:30;29-06-20 15:00;DJP;14347;
29-06-20 15:00;29-06-20 15:30;DJP;4227;
30-06-20 10:00;30-06-20 10:30;COL;8970;
30-06-20 11:30;30-06-20 12:00;DANA;5529;
30-06-20 12:00;30-06-20 12:15;DANA;4914;
30-06-20 14:00;30-06-20 14:30;DANA;7124;
30-06-20 14:30;30-06-20 14:45;DANA;4448;
30-06-20 14:45;30-06-20 15:15;DANA;14411;
30-06-20 15:15;30-06-20 15:30;DANA;12925;
30-06-20 15:30;30-06-20 16:00;DANA;12924;
30-06-20 16:45;30-06-20 17:15;DANA;9642;
30-06-20 17:15;30-06-20 18:00;DANA;7339;
03-07-20 08:45;03-07-20 09:30;DJP;0;ABSCENCE
03-07-20 09:00;03-07-20 10:00;DANA;0;ABSCENCE
03-07-20 09:15;03-07-20 09:45;COL;13087;
03-07-20 11:00;03-07-20 11:15;COL;13597;
03-07-20 11:15;03-07-20 11:30;COL;13667;
03-07-20 11:30;03-07-20 11:45;COL;12805;
03-07-20 13:30;03-07-20 14:00;COL;12033;
03-07-20 14:00;03-07-20 14:45;DANA;13848;
03-07-20 14:45;03-07-20 15:15;DANA;10837;
03-07-20 15:15;03-07-20 15:30;DANA;9384;
03-07-20 15:30;03-07-20 16:00;DANA;10792;
03-07-20 16:30;03-07-20 16:45;COL;11461;
03-07-20 16:30;03-07-20 16:45;COL;11462;
03-07-20 16:45;03-07-20 17:00;COL;11298;
03-07-20 17:00;03-07-20 17:15;COL;14922;
03-07-20 17:15;03-07-20 17:30;COL;11463;
06-07-20 09:00;06-07-20 09:30;LEVP;16126;
06-07-20 11:15;06-07-20 12:00;LEVP;4289;
06-07-20 14:00;06-07-20 14:30;DJP;7433;
06-07-20 14:30;06-07-20 15:00;DJP;7432;
06-07-20 16:00;06-07-20 16:15;DJP;14380;
06-07-20 16:15;06-07-20 16:30;DJP;7790;
06-07-20 16:30;06-07-20 16:45;DJP;13052;
06-07-20 16:45;06-07-20 17:00;DJP;13875;
07-07-20 09:00;07-07-20 10:00;DANA;10152;
07-07-20 10:00;07-07-20 10:30;DANA;10993;
07-07-20 10:30;07-07-20 10:45;DANA;7340;
07-07-20 10:45;07-07-20 11:30;DANA;8461;
07-07-20 11:00;07-07-20 11:30;COL;15068;
07-07-20 11:30;07-07-20 12:00;DANA;879;
07-07-20 12:00;07-07-20 12:30;DANA;11119;
07-07-20 14:00;07-07-20 14:30;DANA;7739;
07-07-20 14:30;07-07-20 14:45;DANA;12487;
07-07-20 14:45;07-07-20 15:15;DANA;6066;
07-07-20 15:15;07-07-20 15:45;DANA;12121;
08-07-20 10:45;08-07-20 11:15;LEVP;5296;
08-07-20 11:15;08-07-20 12:00;LEVP;12994;
10-07-20 09:00;10-07-20 10:00;DANA;0;ABSCENCE
10-07-20 10:00;10-07-20 10:30;DANA;15780;
10-07-20 10:30;10-07-20 11:00;DANA;12546;
10-07-20 16:30;10-07-20 17:30;DANA;7259;
13-07-20 15:00;13-07-20 15:30;DJP;14041;
14-07-20 08:30;14-07-20 09:00;DANA;5915;
14-07-20 09:00;14-07-20 09:45;DANA;7505;
14-07-20 10:00;14-07-20 10:30;COL;13196;
14-07-20 11:00;14-07-20 11:30;DANA;879;
14-07-20 11:45;14-07-20 12:00;PAA;12896;
14-07-20 16:30;14-07-20 17:00;DANA;3427;
17-07-20 10:00;17-07-20 10:45;DANA;10189;
17-07-20 10:45;17-07-20 11:15;DANA;10107;
17-07-20 14:00;17-07-20 14:30;DANA;10398;
17-07-20 14:30;17-07-20 15:00;DANA;7291;
17-07-20 15:00;17-07-20 15:45;DANA;15727;
17-07-20 15:45;17-07-20 16:30;DANA;15952;
17-07-20 16:30;17-07-20 17:15;DANA;4692;
21-07-20 08:30;21-07-20 17:30;DANA;0;ABSCENCE
21-07-20 09:00;21-07-20 13:00;PAA;10339;
22-07-20 09:00;22-07-20 17:30;PAA;10339;
24-07-20 14:00;24-07-20 14:30;DANA;9623;
24-07-20 14:30;24-07-20 14:45;DANA;9827;
28-07-20 09:00;28-07-20 13:00;PAA;10339;
28-07-20 13:30;28-07-20 14:15;DANA;11900;
29-07-20 09:00;29-07-20 17:30;PAA;10339;
18-08-20 16:00;18-08-20 16:30;DANA;6378;
20-08-20 14:30;20-08-20 15:00;DJP;1043;
25-08-20 09:00;25-08-20 09:15;PAA;15355;
25-08-20 09:15;25-08-20 09:30;COL;13436;
25-08-20 09:30;25-08-20 09:45;COL;11704;
31-08-20 17:00;31-08-20 17:15;DJP;14297;
31-08-20 17:15;31-08-20 17:30;DJP;15958;
01-09-20 08:30;01-09-20 09:00;DANA;9805;
01-09-20 16:00;01-09-20 16:15;COL;14439;
01-09-20 16:15;01-09-20 16:30;COL;13949;
01-09-20 16:30;01-09-20 16:45;COL;12642;
01-09-20 16:45;01-09-20 17:00;COL;12020;
01-09-20 17:00;01-09-20 17:45;DANA;9311;
03-09-20 08:45;03-09-20 09:15;DJP;970;
07-09-20 14:00;07-09-20 14:30;DJP;8836;
07-09-20 15:00;07-09-20 15:30;DJP;12780;
08-09-20 10:00;08-09-20 10:15;COL;11848;
08-09-20 10:15;08-09-20 10:45;COL;15598;
08-09-20 16:30;08-09-20 16:45;COL;14337;
08-09-20 17:00;08-09-20 17:30;DANA;7567;
08-09-20 17:30;08-09-20 18:00;DANA;7566;
10-09-20 08:45;10-09-20 09:15;DJP;10633;
14-09-20 16:30;14-09-20 16:45;DJP;13523;
14-09-20 16:30;14-09-20 16:45;DJP;13523;
22-09-20 10:00;22-09-20 10:15;COL;11237;
29-09-20 16:00;29-09-20 16:15;COL;15957;
01-10-20 10:30;01-10-20 11:00;DJP;13345;
05-10-20 17:00;05-10-20 17:30;LEVP;0;ABSCENCE
05-10-20 17:30;05-10-20 19:30;LEVP;0;ABSCENCE
09-10-20 16:00;09-10-20 16:15;COL;11344;
23-10-20 10:00;23-10-20 10:30;DJP;3740;
27-10-20 10:00;27-10-20 10:45;DANA;7060;
03-11-20 08:00;03-11-20 08:30;DANA;8264;
03-11-20 11:30;03-11-20 12:00;DANA;7427;
06-11-20 09:15;06-11-20 09:45;COL;15255;
06-11-20 13:30;06-11-20 14:00;DANA;10723;
09-11-20 14:00;09-11-20 14:30;DJP;1005;
11-11-20 09:00;11-11-20 17:30;PAA;10339;
13-11-20 10:00;13-11-20 10:30;DANA;12890;
16-11-20 16:00;16-11-20 16:30;DJP;1254;
24-11-20 08:30;24-11-20 09:15;DANA;4290;
24-11-20 10:00;24-11-20 10:45;DANA;7111;
27-11-20 14:00;27-11-20 14:30;DANA;9341;
04-12-20 10:00;04-12-20 10:45;DANA;9292;
04-12-20 10:00;04-12-20 10:15;COL;13040;
04-12-20 12:00;04-12-20 12:30;COL;10372;
08-12-20 08:30;08-12-20 09:15;DANA;6900;
11-12-20 09:15;11-12-20 09:45;COL;6863;
11-12-20 14:00;11-12-20 14:15;COL;11505;
18-12-20 16:45;18-12-20 17:30;DANA;9374;
22-12-20 09:15;22-12-20 10:00;DANA;6906;
22-12-20 10:00;22-12-20 10:30;DANA;6200;
22-12-20 10:30;22-12-20 10:45;DANA;6199;
22-12-20 10:45;22-12-20 11:15;DANA;7783;
29-12-20 09:00;29-12-20 13:00;PAA;10339;
30-12-20 09:00;30-12-20 17:30;PAA;10339;
05-01-21 08:30;05-01-21 09:15;DANA;13838;
12-01-21 11:00;12-01-21 12:00;DANA;11664;
15-01-21 15:00;15-01-21 15:30;DANA;12835;
